Name,City,State,Returned (1st Payment),First_payment,Second_payment
ABBOTT NORTHWESTERN HOSPITAL,MINNEAPOLIS,MN,,,"$13,400,000.00"
ABINGTON - LANSDALE HOSPITAL (FKA LANSDALE HOSPITAL),LANSDALE,PA,,,"$10,700,000.00"
ZUCKER HILLSIDE HOSPITAL,GLEN OAKS,NY,,,"$800,000.00"
ABINGTON HOSPITAL - JEFFERSON HEALTH (FKA ABINGTON MEMORIAL HOSPITAL),ABINGTON,PA,,"$20,006,366","$22,511,377.79"
ABRAZO CENTRAL CAMPUS (FKA PHOENIX BAPTIST HOSPITAL),PHOENIX,AZ,,,"$6,350,000.00"
ACUITY SPECIALTY HOSPITAL OF OHIO VALLEY - BELMONT CAMPUS,BELLAIRE,OH,,,"$3,300,000.00"
ADVENTHEALTH ALTAMONTE SPRINGS (FKA FLORIDA HOSPITAL ALTAMONTE),ALTAMONTE SPRINGS,FL,,"$40,466,100",
ADVENTHEALTH HEART OF FLORIDA (FKA HEART OF FLORIDA REGIONAL MEDICAL CENTER),DAVENPORT,FL,,,"$7,850,000.00"
ADVENTHEALTH ORLANDO (FKA FLORIDA HOSPITAL ORLANDO),ORLANDO,FL,,,"$1,913,592.00"
ADVENTIST HEALTH GLENDALE (FKA GLENDALE ADVENTIST MEDICAL CENTER),GLENDALE,CA,,"$20,139,139","$6,385,246.05"
ADVENTIST HEALTH WHITE MEMORIAL (FKA WHITE MEMORIAL MEDICAL CENTER),LOS ANGELES,CA,,,"$14,150,000.00"
ADVENTIST HEALTHCARE SHADY GROVE MEDICAL CENTER,ROCKVILLE,MD,,,"$22,050,000.00"
ADVENTIST HEALTHCARE WHITE OAK MEDICAL CENTER,SILVER SPRING,MD,,"$9,391,045","$21,258,955.36"
ADVOCATE CHILDRENS HOSPITAL - OAK LAWN,OAK LAWN,IL,,,"$650,000.00"
ADVOCATE CHILDRENS HOSPITAL - PARK RIDGE,PARK RIDGE,IL,,,"$1,100,000.00"
ADVOCATE CHRIST MEDICAL CENTER,OAK LAWN,IL,,"$45,413,936","$26,343,039.47"
ADVOCATE CONDELL MEDICAL CENTER,LIBERTYVILLE,IL,,"$12,271,100","$15,516,173.38"
ADVOCATE GOOD SAMARITAN HOSPITAL,DOWNERS GROVE,IL,,,"$16,600,000.00"
ADVOCATE GOOD SHEPHERD HOSPITAL,BARRINGTON,IL,,,"$9,650,000.00"
ADVOCATE ILLINOIS MASONIC MEDICAL CENTER,CHICAGO,IL,,,"$17,700,000.00"
ADVOCATE LUTHERAN GENERAL HOSPITAL,PARK RIDGE,IL,,"$17,775,467","$22,617,384.60"
ADVOCATE SHERMAN HOSPITAL,ELGIN,IL,,,"$18,400,000.00"
ADVOCATE SOUTH SUBURBAN HOSPITAL,HAZEL CREST,IL,,"$15,634,453","$9,551,578.39"
ADVOCATE TRINITY HOSPITAL,CHICAGO,IL,,"$12,154,690","$6,754,318.73"
AKRON GENERAL,AKRON,OH,,,"$8,500,000.00"
ALBANY MEDICAL CENTER,ALBANY,NY,,"$17,225,944","$5,638,512.52"
ALHAMBRA HOSPITAL MEDICAL CENTER,ALHAMBRA,CA,,,"$4,550,000.00"
ALLEN HOSPITAL (FKA ALLEN MEMORIAL HOSPITAL),WATERLOO,IA,,,"$8,550,000.00"
AMITA HEALTH ADVENTIST MEDICAL CENTER BOLINGBROOK,BOLINGBROOK,IL,,,"$8,200,000.00"
AMITA HEALTH ADVENTIST MEDICAL CENTER GLENOAKS,GLENDALE HEIGHTS,IL,,,"$10,150,000.00"
AMITA HEALTH ADVENTIST MEDICAL CENTER HINSDALE,HINSDALE,IL,,,"$7,750,000.00"
AMITA HEALTH ADVENTIST MEDICAL CENTER LA GRANGE,LA GRANGE,IL,,,"$7,650,000.00"
AMITA HEALTH ALEXIAN BROTHERS MEDICAL CENTER ELK GROVE VILLAGE,ELK GROVE VILLAGE,IL,,,"$16,500,000.00"
AMITA HEALTH MERCY MEDICAL CENTER AURORA (FKA PRESENCE MERCY MEDICAL CENTER),AURORA,IL,,,"$8,700,000.00"
AMITA HEALTH RESURRECTION MEDICAL CENTER CHICAGO (FKA PRESENCE RESURRECTION MEDICAL CENTER),CHICAGO,IL,,,"$20,500,000.00"
AMITA HEALTH SAINT FRANCIS HOSPITAL EVANSTON (FKA PRESENCE SAINT FRANCIS HOSPITAL),EVANSTON,IL,,,"$17,050,000.00"
AMITA HEALTH SAINT JOSEPH HOSPITAL CHICAGO (FKA PRESENCE SAINT JOSEPH HOSPITAL - CHICAGO),CHICAGO,IL,,,"$10,550,000.00"
AMITA HEALTH SAINT JOSEPH HOSPITAL ELGIN (FKA PRESENCE SAINT JOSEPH HOSPITAL - ELGIN),ELGIN,IL,,,"$6,900,000.00"
AMITA HEALTH SAINT JOSEPH MEDICAL CENTER JOLIET (FKA PRESENCE SAINT JOSEPH MEDICAL CENTER),JOLIET,IL,,"$10,633,280","$7,348,470.88"
AMITA HEALTH SAINT MARY AND ELIZABETH MEDICAL CENTER CHICAGO - SAINT MARY CAMPUS (FKA PRESENCE SAINT MARY AND ELIZABETH MEDICAL CENTER - SAINT MARY CAMPUS),CHICAGO,IL,,"$12,772,120","$12,113,592.00"
AMITA HEALTH ST ALEXIUS MEDICAL CENTER HOFFMAN ESTATES,HOFFMAN ESTATES,IL,,,"$17,100,000.00"
ANDERSON REGIONAL MEDICAL CENTER - NORTH,MERIDIAN,MS,,,"$13,200,000.00"
ANNA JAQUES HOSPITAL,NEWBURYPORT,MA,,,"$3,600,000.00"
ANNE ARUNDEL MEDICAL CENTER (FKA ANNE ARUNDEL HEALTH SYSTEM),ANNAPOLIS,MD,,"$11,931,245","$20,018,754.76"
ANTELOPE VALLEY HOSPITAL (FKA ANTELOPE VALLEY HOSPITAL MEDICAL CENTER),LANCASTER,CA,,,"$10,200,000.00"
APPLING HEALTHCARE SYSTEM (FKA APPLING HOSPITAL),BAXLEY,GA,,,"$1,450,000.00"
ARCHBOLD MEMORIAL HOSPITAL,THOMASVILLE,GA,,,"$8,800,000.00"
ARCHCARE AT CALVARY HOSPITAL - BRONX CAMPUS,BRONX,NY,,"$10,699,633","$6,000,367.17"
ARCHCARE AT CALVARY HOSPITAL - BRONX CAMPUS,BRONX,NY,,,"$8,598,470.88"
ASCENSION ALL SAINTS HOSPITAL - SPRING STREET CAMPUS (FKA ASCENSION WHEATON FRANCISCAN HEALTHCARE - ALL SAINTS),RACINE,WI,,,"$11,600,000.00"
ASCENSION COLUMBIA ST MARYS HOSPITAL MILWAUKEE,MILWAUKEE,WI,,,"$8,000,000.00"
ASCENSION GENESYS HOSPITAL,GRAND BLANC,MI,,"$12,432,648","$2,365,488.30"
ASCENSION JANE PHILLIPS MEDICAL CENTER (FKA JANE PHILLIPS MEMORIAL MEDICAL CENTER),BARTLESVILLE,OK,,,"$4,050,000.00"
ASCENSION MACOMB-OAKLAND HOSPITAL - MADISON HEIGHTS CAMPUS,MADISON HEIGHTS,MI,,"$12,662,712","$1,789,882.69"
ASCENSION MACOMB-OAKLAND HOSPITAL - WARREN CAMPUS,WARREN,MI,,"$37,448,912","$5,403,682.91"
ASCENSION PROVIDENCE HOSPITAL - NOVI CAMPUS,NOVI,MI,,"$21,227,080","$3,991,620.03"
ASCENSION PROVIDENCE HOSPITAL - SOUTHFIELD CAMPUS,SOUTHFIELD,MI,,"$38,238,727","$7,079,973.60"
ASCENSION PROVIDENCE ROCHESTER HOSPITAL (FKA ASCENSION CRITTENTON HOSPITAL),ROCHESTER,MI,,"$12,008,221","$3,141,778.99"
ASCENSION RIVER DISTRICT HOSPITAL (FKA ST JOHN RIVER DISTRICT HOSPITAL),EAST CHINA,MI,,,"$1,800,000.00"
ASCENSION ST FRANCIS HOSPITAL (FKA ASCENSION WHEATON FRANCISCAN HEALTHCARE - ST FRANCIS),MILWAUKEE,WI,,,"$6,200,000.00"
ASCENSION ST JOHN HOSPITAL,DETROIT,MI,,"$53,812,464",
ASCENSION ST VINCENT HOSPITAL - INDIANAPOLIS,INDIANAPOLIS,IN,,"$23,522,320","$8,263,433.04"
ASSUMPTION COMMUNITY HOSPITAL,NAPOLEONVILLE,LA,,,"$950,000.00"
ASTRIA SUNNYSIDE HOSPITAL (FKA SUNNYSIDE COMMUNITY HOSPITAL & CLINICS),SUNNYSIDE,WA,,,"$3,200,000.00"
ASTRIA TOPPENISH HOSPITAL (FKA TOPPENISH COMMUNITY HOSPITAL),TOPPENISH,WA,,,"$1,750,000.00"
ATLANTIC GENERAL HOSPITAL,BERLIN,MD,,,"$1,400,000.00"
ATLANTICARE REGIONAL MEDICAL CENTER - ATLANTIC CITY CAMPUS,ATLANTIC CITY,NJ,,"$26,124,369","$6,715,329.34"
ATRIUM HEALTH CABARRUS (FKA CAROLINAS HEALTHCARE SYSTEM NORTHEAST),CONCORD,NC,,"$15,853,932","$1,916,173.38"
ATRIUM HEALTH CAROLINAS MEDICAL CENTER,CHARLOTTE,NC,,"$33,292,074","$1,531,135.55"
ATRIUM HEALTH PINEVILLE (FKA CAROLINAS HEALTHCARE SYSTEM PINEVILLE),CHARLOTTE,NC,,"$14,625,059","$27,342.95"
ATRIUM HEALTH UNION (FKA CAROLINAS HEALTHCARE SYSTEM UNION),MONROE,NC,,,"$5,750,000.00"
ATRIUM HEALTH UNIVERSITY CITY (FKA CAROLINAS HEALTHCARE SYSTEM UNIVERSITY),CHARLOTTE,NC,,,"$4,550,000.00"
AULTMAN ALLIANCE COMMUNITY HOSPITAL,ALLIANCE,OH,,,"$1,700,000.00"
AURORA MEDICAL CENTER IN KENOSHA,KENOSHA,WI,,,"$3,700,000.00"
AURORA SINAI MEDICAL CENTER OF AURORA HEALTH CARE METRO,MILWAUKEE,WI,,,"$5,300,000.00"
AURORA ST LUKES MEDICAL CENTER OF AURORA HEALTH CARE METRO,MILWAUKEE,WI,,"$16,527,427","$8,458,955.36"
AURORA ST LUKES SOUTH SHORE OF AURORA HEALTH CARE METRO,CUDAHY,WI,,,"$2,600,000.00"
AVENTURA HOSPITAL AND MEDICAL CENTER,AVENTURA,FL,,"$13,245,707","$4,462,221.83"
AVERA MCKINNION HOSPITAL,SIOUX FALLS,SD,,,"$11,900,000.00"
BACON COUNTY HOSPITAL AND HEALTH SYSTEM,ALMA,GA,,,"$1,150,000.00"
BANNER - UNIVERSITY MEDICAL CENTER PHOENIX (FKA BANNER GOOD SAMARITAN MEDICAL CENTER),PHOENIX,AZ,,,"$13,500,000.00"
BANNER - UNIVERSITY MEDICAL CENTER SOUTH (FKA UNIVERSITY OF ARIZONA MEDICAL CENTER - SOUTH CAMPUS),TUCSON,AZ,,,"$6,000,000.00"
BANNER - UNIVERSITY MEDICAL CENTER TUCSON (FKA UNIVERSITY OF ARIZONA MEDICAL CENTER),TUCSON,AZ,,,"$9,400,000.00"
BANNER BAYWOOD MEDICAL CENTER,MESA,AZ,,,"$9,250,000.00"
BANNER BOSWELL MEDICAL CENTER,SUN CITY,AZ,,,"$10,550,000.00"
BANNER DESERT MEDICAL CENTER,MESA,AZ,,,"$12,450,000.00"
BANNER ESTRELLA MEDICAL CENTER,PHOENIX,AZ,,,"$12,000,000.00"
BANNER THUNDERBIRD MEDICAL CENTER,GLENDALE,AZ,,,"$11,950,000.00"
BAPTIST HEALTH FLOYD (FKA FLOYD MEMORIAL HOSPITAL AND HEALTH SERVICES),NEW ALBANY,IN,,,"$7,000,000.00"
BAPTIST HEALTH LOUISVILLE (FKA BAPTIST HOSPITAL EAST),LOUISVILLE,KY,,,"$11,900,000.00"
BAPTIST HOSPITAL,MIAMI,FL,,"$24,377,600","$3,373,917.53"
BAPTIST MEDICAL CENTER EAST,MONTGOMERY,AL,,,"$8,950,000.00"
BAPTIST MEDICAL CENTER SOUTH,MONTGOMERY,AL,,,"$13,700,000.00"
BAPTIST MEMORIAL HOSPITAL - GOLDEN TRIANGLE,COLUMBUS,MS,,,"$5,050,000.00"
BAPTIST MEMORIAL HOSPITAL - LEAKE,CARTHAGE,MS,,,"$1,100,000.00"
BAPTIST MEMORIAL HOSPITAL CRITTENDEN,WEST MEMPHIS,AR,,,"$350,000.00"
BARNES-JEWISH HOSPITAL,SAINT LOUIS,MO,,"$24,752,278","$13,265,488.30"
BATON ROUGE GENERAL MEDICAL CENTER - MID CITY CAMPUS,BATON ROUGE,LA,,"$34,066,410","$4,251,786.61"
BAYHEALTH HOSPITAL - KENT CAMPUS,DOVER,DE,,"$11,159,934","$11,575,446.65"
BAYHEALTH HOSPITAL - SUSSEX CAMPUS,MILFORD,DE,,,"$7,850,000.00"
BAYLOR SCOTT & WHITE MEDICAL CENTER - BRENHAM,BRENHAM,TX,,,"$2,100,000.00"
BAYLOR SCOTT & WHITE MEDICAL CENTER - IRVING,IRVING,TX,,,"$10,450,000.00"
BAYLOR SCOTT & WHITE MEDICAL CENTER - SUNNYVALE (FKA TEXAS REGIONAL MEDICAL CENTER AT SUNNYVALE),SUNNYVALE,TX,,,"$2,350,000.00"
BAYLOR SCOTT & WHITE MEDICAL CENTER - WAXAHACHIE (FKA BAYLOR SCOTT & WHITE HEALTH - NORTH TEXAS),WAXAHACHIE,TX,,,"$4,900,000.00"
BAYLOR UNIVERSITY MEDICAL CENTER - DALLAS,DALLAS,TX,,,"$31,100,000.00"
BAYONNE MEDICAL CENTER,BAYONNE,NJ,,"$19,447,033","$14,802,789.60"
BAYSHORE MEDICAL CENTER (FKA BAYSHORE COMMUNITY HOSPITAL),HOLMDEL,NJ,,"$18,305,982","$2,460,692.71"
BAYSTATE CHILDRENS HOSPITAL,SPRINGFIELD,MA,,"$36,299,901",
BAYSTATE FRANKLIN MEDICAL CENTER,GREENFIELD,MA,,,"$3,000,000.00"
BAYSTATE MEDICAL CENTER,SPRINGFIELD,MA,,"$36,299,901",
BAYSTATE NOBLE HOSPITAL (FKA NOBLE HOSPITAL),WESTFIELD,MA,,,"$4,200,000.00"
BAYSTATE WING HOSPITAL,PALMER,MA,,,"$2,350,000.00"
BEAUMONT HOSPITAL - DEARBORN (FKA OAKWOOD HOSPITAL - DEARBORN),DEARBORN,MI,,"$45,324,764","$10,407,475.50"
BEAUMONT HOSPITAL - FARMINGTON HILLS (FKA BOTSFORD HOSPITAL),FARMINGTON HILLS,MI,,"$31,624,667","$2,306,423.24"
BEAUMONT HOSPITAL - GROSSE POINTE,GROSSE POINTE,MI,,"$28,142,201",
BEAUMONT HOSPITAL - ROYAL OAK,ROYAL OAK,MI,,"$68,677,463","$5,656,839.69"
BEAUMONT HOSPITAL - TAYLOR (FKA OAKWOOD HOSPITAL - TAYLOR),TAYLOR,MI,,"$13,990,805","$3,410,166.58"
BEAUMONT HOSPITAL - TRENTON (FKA OAKWOOD HOSPITAL - SOUTHSHORE),TRENTON,MI,,"$9,463,283","$3,120,810.02"
BEAUMONT HOSPITAL - TROY,TROY,MI,,"$31,140,456","$3,903,156.78"
BEAUMONT HOSPITAL - WAYNE (FKA OAKWOOD HOSPITAL - WAYNE),WAYNE,MI,,,"$5,250,000.00"
BECKLEY ARH HOSPITAL,BECKLEY,WV,,,"$9,750,000.00"
BEEBE HEALTHCARE - MARGARET H ROLLINS LEWES CAMPUS (FKA BEEBE MEDICAL CENTER),LEWES,DE,,,"$11,500,000.00"
BELOIT HOSPITAL,BELOIT,WI,,,"$5,800,000.00"
BERGEN NEW BRIDGE MEDICAL CENTER (FKA BERGEN REGIONAL MEDICAL CENTER),PARAMUS,NJ,,"$12,368,709","$6,015,488.30"
BETH ISRAEL DEACONESS HOSPITAL - MILTON (FKA MILTON HOSPITAL),MILTON,MA,,,"$14,050,000.00"
BETH ISRAEL DEACONESS HOSPITAL - NEEDHAM,NEEDHAM,MA,,,"$8,150,000.00"
BETH ISRAEL DEACONESS HOSPITAL - PLYMOUTH,PLYMOUTH,MA,,,"$11,650,000.00"
BETH ISRAEL DEACONESS MEDICAL CENTER,BOSTON,MA,,"$32,513,524","$18,771,018.24"
BETHESDA HOSPITAL EAST (FKA BETHESDA MEMORIAL HOSPITAL),BOYNTON BEACH,FL,,"$12,783,481","$2,752,422.43"
BEVERLY HOSPITAL,BEVERLY,MA,,"$13,242,769","$13,477,342.95"
BEVERLY HOSPITAL - CALIFORNIA,MONTEBELLO,CA,,,"$8,350,000.00"
BIBB MEDICAL CENTER,CENTREVILLE,AL,,,"$1,300,000.00"
BON SECOURS COMMUNITY HOSPITAL,PORT JERVIS,NY,,,"$5,400,000.00"
BOSTON MEDICAL CENTER,BOSTON,MA,,"$49,209,125","$39,953,682.91"
BRIDGEPORT HOSPITAL,BRIDGEPORT,CT,,"$30,272,148","$24,259,163.58"
BRIGHAM AND WOMENS FAULKNER HOSPITAL,BOSTON,MA,,"$10,088,955","$10,040,567.77"
BRIGHAM AND WOMENS HOSPITAL,BOSTON,MA,,"$23,164,001","$21,977,869.08"
BRISTOL HOSPITAL,BRISTOL,CT,,,"$5,350,000.00"
BRONXCARE HOSPITAL CENTER - FULTON CAMPUS,BRONX,NY,,"$91,535,710",
BROOKDALE HOSPITAL MEDICAL CENTER,BROOKLYN,NY,,"$66,309,962",
BROOKLYN HOSPITAL CENTER AT DOWNTOWN CAMPUS,BROOKLYN,NY,,"$35,200,497","$4,874,810.83"
BROWARD HEALTH CORAL SPRINGS (FKA CORAL SPRINGS MEDICAL CENTER),CORAL SPRINGS,FL,,,"$6,500,000.00"
BROWARD HEALTH IMPERIAL POINT (FKA IMPERIAL POINT MEDICAL CENTER),FORT LAUDERDALE,FL,,,"$3,700,000.00"
BROWARD HEALTH MEDICAL CENTER (FKA BROWARD GENERAL MEDICAL CENTER),FORT LAUDERDALE,FL,,,"$15,600,000.00"
BRYAN W WHITFIELD MEMORIAL HOSPITAL,DEMOPOLIS,AL,,,"$4,350,000.00"
BRYN MAWR HOSPITAL,BRYN MAWR,PA,,,"$16,550,000.00"
BSA HOSPITAL,AMARILLO,TX,,,"$12,100,000.00"
BUENA VISTA REGIONAL MEDICAL CENTER,STORM LAKE,IA,,,"$2,450,000.00"
BUFFALO GENERAL MEDICAL CENTER (FKA BUFFALO GENERAL HOSPITAL),BUFFALO,NY,,"$15,580,690","$7,101,737.34"
BURKE REHABILITATION HOSPITAL,WHITE PLAINS,NY,,"$11,181,812","$5,720,124.93"
CALIFORNIA HOSPITAL MEDICAL CENTER,LOS ANGELES,CA,,,"$18,050,000.00"
CALVERTHEALTH MEDICAL CENTER (FKA CALVERT MEMORIAL HOSPITAL),PRINCE FREDERICK,MD,,,"$3,900,000.00"
CAPE COD HOSPITAL,HYANNIS,MA,,,"$8,850,000.00"
CAPE CORAL HOSPITAL,CAPE CORAL,FL,,"$9,966,385",
CAPE REGIONAL HEALTH SYSTEM (AKA CAPE REGIONAL MEDICAL CENTER),CAPE MAY COURT HOUSE,NJ,,,"$6,900,000.00"
CAPITAL HEALTH MEDICAL CENTER - HOPEWELL,PENNINGTON,NJ,,,"$17,350,000.00"
CAPITAL HEALTH REGIONAL MEDICAL CENTER,TRENTON,NJ,,,"$18,950,000.00"
CARNEY HOSPITAL,DORCHESTER,MA,,"$10,672,102","$16,639,882.69"
CAROMONT REGIONAL MEDICAL CENTER (AKA CAROMONT HEALTH),GASTONIA,NC,,,"$8,950,000.00"
CARRIS HEALTH - RICE MEMORIAL HOSPITAL,WILLMAR,MN,,,"$2,250,000.00"
CARROLL HOSPITAL,WESTMINSTER,MD,,,"$7,250,000.00"
CARROLLTON REGIONAL MEDICAL CENTER (FKA BAYLOR SCOTT & WHITE MEDICAL CENTER - CARROLLTON),CARROLLTON,TX,,,"$3,300,000.00"
CARTERSVILLE MEDICAL CENTER,CARTERSVILLE,GA,,,"$5,300,000.00"
CASTLE ROCK ADVENTIST HOSPITAL,CASTLE ROCK,CO,,,"$1,500,000.00"
CATHOLIC MEDICAL CENTER,MANCHESTER,NH,,,"$8,100,000.00"
CATSKILL REGIONAL MEDICAL CENTER - HARRIS CAMPUS,MONTICELLO,NY,,,"$8,100,000.00"
CEDARS-SINAI MARINA DEL REY HOSPITAL,MARINA DEL REY,CA,,,"$5,950,000.00"
CEDARS-SINAI MEDICAL CENTER,LOS ANGELES,CA,,"$35,215,978","$7,121,177.19"
CENTINELA HOSPITAL MEDICAL CENTER,INGLEWOOD,CA,,,"$12,650,000.00"
CENTRAL DESERT BEHAVIORAL HEALTH CENTER,ALBUQUERQUE,NM,,,"$1,300,000.00"
CENTRASTATE MEDICAL CENTER,FREEHOLD,NJ,,"$21,939,749","$7,615,855.47"
CHA CAMBRIDGE HOSPITAL,CAMBRIDGE,MA,,"$40,721,351",
CHA HOLLYWOOD PRESBYTERIAN MEDICAL CENTER,LOS ANGELES,CA,,,"$15,200,000.00"
CHARLOTTE HUNGERFORD HOSPITAL,TORRINGTON,CT,,,"$9,000,000.00"
CHARLTON MEMORIAL HOSPITAL,FALL RIVER,MA,,,"$12,700,000.00"
CHATHAM HOSPITAL,SILER CITY,NC,,,"$2,200,000.00"
CHEROKEE REGIONAL MEDICAL CENTER,CHEROKEE,IA,,,"$2,200,000.00"
CHESTER COUNTY HOSPITAL,WEST CHESTER,PA,,,"$13,950,000.00"
CHESTNUT HILL HOSPITAL (AKA CHESTNUT HILL HEALTH SYSTEM),PHILADELPHIA,PA,,"$10,052,815","$11,405,003.81"
CHI HEALTH MIDLANDS (FKA ALEGENT HEALTH MIDLANDS HOSPITAL),PAPILLION,NE,,,"$1,000,000.00"
CHI HEALTH ST FRANCIS (FKA ST FRANCIS MEDICAL CENTER),GRAND ISLAND,NE,,,"$7,900,000.00"
CHI ST LUKES HEALTH - BAYLOR ST LUKES MEDICAL CENTER,HOUSTON,TX,,,"$8,250,000.00"
CHI ST LUKES HEALTH - PATIENTS MEDICAL CENTER,PASADENA,TX,,,"$2,150,000.00"
CHI ST LUKES HEALTH - SUGAR LAND HOSPITAL,SUGAR LAND,TX,,,"$2,800,000.00"
CHI ST LUKES HEALTH-MEMORIAL SAN AUGUSTINE (FKA MEMORIAL MEDICAL CENTER - SAN AUGUSTINE),SAN AUGUSTINE,TX,,,"$700,000.00"
CHILDRENS HOSPITAL AT MONTEFIORE,BRONX,NY,,"$36,164,527","$279,239.25"
CHILTON MEDICAL CENTER,POMPTON PLAINS,NJ,,"$21,227,122","$2,831,661.68"
CHINLE COMPREHENSIVE HEALTH CARE FACILITY,CHINLE,AZ,,,"$11,050,000.00"
CHINO VALLEY MEDICAL CENTER,CHINO,CA,,,"$3,800,000.00"
CHIPPENHAM HOSPITAL,RICHMOND,VA,,,"$9,150,000.00"
CHOCTAW GENERAL HOSPITAL,BUTLER,AL,,,"$750,000.00"
CHRIST HOSPITAL,JERSEY CITY,NJ,,"$31,704,081","$17,980,132.55"
CHRISTIAN HOSPITAL,SAINT LOUIS,MO,,"$12,481,965","$9,216,858.47"
CHRISTIANA HOSPITAL,NEWARK,DE,,"$21,165,464","$25,981,294.50"
CHRISTIANACARE - UNION HOSPITAL (FKA UNION HOSPITAL OF CECIL COUNTY),ELKTON,MD,,,"$3,900,000.00"
CHRISTUS COUSHATTA HEALTH CARE CENTER,COUSHATTA,LA,,,"$800,000.00"
CHRISTUS HEALTH SHREVEPORT-BOSSIER,SHREVEPORT,LA,,,"$10,350,000.00"
CHRISTUS OCHSNER ST PATRICK HOSPITAL,LAKE CHARLES,LA,,,"$4,150,000.00"
CHRISTUS ST FRANCES CABRINI HOSPITAL,ALEXANDRIA,LA,,,"$9,150,000.00"
CLAIBORNE COUNTY MEDICAL CENTER (FKA PATIENTS CHOICE MEDICAL CENTER OF CLAIBORNE COUNTY),PORT GIBSON,MS,,,"$650,000.00"
CLAIBORNE MEMORIAL MEDICAL CENTER (FKA HOMER MEMORIAL HOSPITAL),HOMER,LA,,,"$1,900,000.00"
CLARA MAASS MEDICAL CENTER,BELLEVILLE,NJ,,"$36,496,915","$6,419,489.11"
CLARK MEMORIAL HOSPITAL,JEFFERSONVILLE,IN,,,"$5,950,000.00"
CLEVELAND CLINIC MAIN CAMPUS,CLEVELAND,OH,,,"$9,200,000.00"
CLEVELAND CLINIC MARTIN NORTH HOSPITAL (FKA MARTIN MEDICAL CENTER),STUART,FL,,,"$10,000,000.00"
COAST PLAZA HOSPITAL,NORWALK,CA,,,"$3,350,000.00"
COFFEE REGIONAL MEDICAL CENTER,DOUGLAS,GA,,,"$2,700,000.00"
COFFEY COUNTY HOSPITAL (AKA COFFEY HEALTH SYSTEM),BURLINGTON,KS,,,"$700,000.00"
COHEN CHILDRENS MEDICAL CENTER,NEW HYDE PARK,NY,,,"$6,050,000.00"
COLISEUM MEDICAL CENTERS,MACON,GA,,,"$5,650,000.00"
COLORADO PLAINS MEDICAL CENTER,FORT MORGAN,CO,,,"$1,650,000.00"
COLQUITT REGIONAL MEDICAL CENTER,MOULTRIE,GA,,,"$4,900,000.00"
COLUMBIA MEMORIAL HOSPITAL,HUDSON,NY,,,"$4,500,000.00"
COLUMBUS HOSPITAL LTACH,NEWARK,NJ,,,"$1,900,000.00"
COMMUNITY FIRST MEDICAL CENTER (FKA OUR LADY OF THE RESURRECTION MEDICAL CENTER),CHICAGO,IL,,"$16,736,505","$5,677,869.08"
COMMUNITY HEART AND VASCULAR HOSPITAL (FKA INDIANA HEART HOSPITAL),INDIANAPOLIS,IN,,,"$1,050,000.00"
COMMUNITY HOSPITAL,MUNSTER,IN,,"$10,320,365","$7,390,567.77"
COMMUNITY HOSPITAL EAST,INDIANAPOLIS,IN,,"$12,422,114","$2,521,495.10"
COMMUNITY HOSPITAL NORTH,INDIANAPOLIS,IN,,"$14,636,189","$2,260,851.66"
COMMUNITY HOSPITAL OF HUNTINGTON PARK,HUNTINGTON PARK,CA,,,"$40,750,000.00"
COMMUNITY HOSPITAL SOUTH,INDIANAPOLIS,IN,,,"$6,450,000.00"
COMMUNITY MEDICAL CENTER,TOMS RIVER,NJ,,"$26,451,304","$16,451,945.56"
COMMUNITY MEMORIAL HOSPITAL - OHIO,HICKSVILLE,OH,,,"$1,150,000.00"
COMMUNITY MEMORIAL HOSPITAL - WISCONSIN,MENOMONEE FALLS,WI,,,"$6,650,000.00"
COMMUNITY REHABILITATION HOSPITAL NORTH,INDIANAPOLIS,IN,,,"$2,450,000.00"
CONE HEALTH (FKA MOSES CONE MEMORIAL HEALTH),GREENSBORO,NC,,,"$18,000,000.00"
COOLEY DICKINSON HOSPITAL,NORTHAMPTON,MA,,,"$5,500,000.00"
COOPER UNIVERSITY HOSPITAL (AKA COOPER UNIVERSITY HEALTH CARE),CAMDEN,NJ,,"$39,164,375","$4,652,471.69"
COOSA VALLEY MEDICAL CENTER,SYLACAUGA,AL,2020-05-21T00:00:00.000,"$8,700,862",
COPIAH COUNTY MEDICAL CENTER,HAZLEHURST,MS,,,"$1,000,000.00"
CORAL GABLES HOSPITAL,CORAL GABLES,FL,,,"$7,650,000.00"
COVENANT MEDICAL CENTER - HARRISON,SAGINAW,MI,,"$11,656,686","$9,971,495.10"
COVINGTON COUNTY HOSPITAL,COLLINS,MS,,,"$800,000.00"
COZAD COMMUNITY HOSPITAL,COZAD,NE,,,"$1,000,000.00"
CRENSHAW COMMUNITY HOSPITAL,LUVERNE,AL,,,"$1,650,000.00"
CRISP REGIONAL HOSPITAL,CORDELE,GA,,,"$4,300,000.00"
CROWNPOINT HEALTH CARE FACILITY,CROWNPOINT,NM,,,"$550,000.00"
CROZER-CHESTER MEDICAL CENTER,CHESTER,PA,,,"$12,400,000.00"
DALLAS COUNTY HOSPITAL,PERRY,IA,,,"$1,200,000.00"
DANBURY HOSPITAL,DANBURY,CT,,"$24,565,397","$9,154,000.82"
DCH REGIONAL MEDICAL CENTER,TUSCALOOSA,AL,,,"$15,850,000.00"
DECATUR COUNTY MEMORIAL HOSPITAL,GREENSBURG,IN,,,"$8,800,000.00"
DELAWARE COUNTY MEMORIAL HOSPITAL,DREXEL HILL,PA,,,"$8,850,000.00"
DELL SETON MEDICAL CENTER AT THE UNIVERSITY OF TEXAS,AUSTIN,TX,,,"$7,800,000.00"
DELRAY MEDICAL CENTER,DELRAY BEACH,FL,,"$12,351,142",
DENVER HEALTH MAIN CAMPUS,DENVER,CO,,"$16,563,452","$14,015,488.30"
DIGNITY HEALTH ST ROSE DOMINICAN - BLUE DIAMOND CAMPUS,LAS VEGAS,NV,,,"$250,000.00"
DIGNITY HEALTH ST ROSE DOMINICAN - NORTH LAS VEGAS CAMPUS,NORTH LAS VEGAS,NV,,,"$650,000.00"
DIGNITY HEALTH ST ROSE DOMINICAN - SAHARA CAMPUS,LAS VEGAS,NV,,,"$350,000.00"
DIGNITY HEALTH ST ROSE DOMINICAN - WEST FLAMINGO CAMPUS,LAS VEGAS,NV,,,"$100,000.00"
DISTRICT ONE HOSPITAL,FARIBAULT,MN,,,"$950,000.00"
DMC DETROIT RECEIVING HOSPITAL,DETROIT,MI,,"$33,579,824",
DMC HARPER UNIVERSITY HOSPITAL,DETROIT,MI,,"$28,189,300","$4,803,315.73"
DMC HURON VALLEY-SINAI HOSPITAL,COMMERCE TOWNSHIP,MI,,,"$5,500,000.00"
DMC SINAI-GRACE HOSPITAL,DETROIT,MI,,"$46,856,481",
DOCTORS COMMUNITY HOSPITAL (FKA DOCTORS COMMUNITY HEALTH SYSTEM),LANHAM,MD,,"$9,544,996","$16,505,003.81"
DORMINY MEDICAL CENTER,FITZGERALD,GA,,,"$1,950,000.00"
DOUGLAS GARDENS HOSPITAL (AKA MIAMI JEWISH HEALTH SYSTEMS),MIAMI,FL,,,"$3,750,000.00"
DOYLESTOWN HOSPITAL (AKA DOYLESTOWN HEALTH),DOYLESTOWN,PA,,,"$10,050,000.00"
DREW MEMORIAL HEALTH SYSTEM (FKA DREW MEMORIAL HOSPITAL),MONTICELLO,AR,2020-05-15T00:00:00.000,"$8,881,583",
DUKE UNIVERSITY HOSPITAL,DURHAM,NC,,,"$14,750,000.00"
DUKES MEMORIAL HOSPITAL,PERU,IN,,,"$950,000.00"
EAST ALABAMA MEDICAL CENTER - OPELIKA,OPELIKA,AL,,"$12,033,665",
EAST JEFFERSON GENERAL HOSPITAL,METAIRIE,LA,,"$15,875,796","$3,555,529.94"
EAST LOS ANGELES DOCTORS HOSPITAL,LOS ANGELES,CA,,,"$3,600,000.00"
EAST MORGAN COUNTY HOSPITAL,BRUSH,CO,,,"$1,950,000.00"
EAST ORANGE GENERAL HOSPITAL,EAST ORANGE,NJ,,,"$12,350,000.00"
EASTSIDE MEDICAL CENTER,SNELLVILLE,GA,,,"$6,950,000.00"
EDWARD HOSPITAL (FKA EDWARD HEART HOSPITAL),NAPERVILLE,IL,,"$11,885,820","$9,772,706.31"
EINSTEIN MEDICAL CENTER MONTGOMERY (FKA MONTGOMERY HOSPITAL MEDICAL CENTER),EAST NORRITON,PA,,,"$41,200,000.00"
EINSTEIN MEDICAL CENTER PHILADELPHIA,PHILADELPHIA,PA,,"$25,056,339","$93,729,765.38"
EISENHOWER HEALTH (FKA EISENHOWER MEDICAL CENTER),RANCHO MIRAGE,CA,,,"$11,150,000.00"
EL CENTRO REGIONAL MEDICAL CENTER,EL CENTRO,CA,,,"$11,550,000.00"
ELLENVILLE REGIONAL HOSPITAL,ELLENVILLE,NY,,,"$2,900,000.00"
ELLIOT HOSPITAL (AKA ELLIOT HEALTH SYSTEM),MANCHESTER,NH,,,"$8,550,000.00"
ELMHURST HOSPITAL,ELMHURST,IL,,"$12,430,159","$10,583,875.89"
ELMORE COMMUNITY HOSPITAL,WETUMPKA,AL,,,"$2,600,000.00"
EMERSON HOSPITAL,CONCORD,MA,,,"$9,300,000.00"
EMORY DECATUR HOSPITAL (FKA DEKALB MEDICAL CENTER NORTH DECATUR),DECATUR,GA,,"$12,041,457","$7,871,495.10"
EMORY HILLANDALE HOSPITAL (FKA DEKALB MEDICAL CENTER AT HILLANDALE),LITHONIA,GA,,,"$6,750,000.00"
EMORY JOHNS CREEK HOSPITAL,JOHNS CREEK,GA,,,"$3,800,000.00"
EMORY SAINT JOSEPHS HOSPITAL (AKA ST JOSEPHS HOSPITAL OF ATLANTA),ATLANTA,GA,,"$10,474,523","$4,408,270.28"
EMORY UNIVERSITY HOSPITAL,ATLANTA,GA,,"$17,993,766","$4,718,069.68"
EMORY UNIVERSITY HOSPITAL MIDTOWN,ATLANTA,GA,,"$24,155,685","$3,668,595.81"
ENCINO HOSPITAL MEDICAL CENTER,ENCINO,CA,,,"$2,450,000.00"
ENGLEWOOD HOSPITAL AND MEDICAL CENTER (AKA ENGLEWOOD HEALTH),ENGLEWOOD,NJ,,"$53,635,316","$5,161,109.15"
ERIE COUNTY MEDICAL CENTER (AKA ECMC),BUFFALO,NY,,,"$10,300,000.00"
ERLANGER BARONESS HOSPITAL (FKA ERLANGER MEDICAL CENTER - BARONESS CAMPUS),CHATTANOOGA,TN,,,"$9,950,000.00"
ESKENAZI HEALTH (AKA SIDNEY & LOIS ESKENAZI HOSPITAL),INDIANAPOLIS,IN,,"$27,228,673","$18,251,578.39"
EVANSTON HOSPITAL,EVANSTON,IL,,"$27,120,623","$27,654,000.82"
EVERGREENHEALTH MEDICAL CENTER,KIRKLAND,WA,,"$16,510,461",
FAIRFIELD MEDICAL CENTER,LANCASTER,OH,,,"$17,350,000.00"
FAIRVIEW HOSPITAL,CLEVELAND,OH,,,"$9,550,000.00"
FALMOUTH HOSPITAL,FALMOUTH,MA,,,"$3,800,000.00"
FAXTON ST LUKES HEALTHCARE - ST LUKES CAMPUS,UTICA,NY,,,"$6,550,000.00"
FLAGSTAFF MEDICAL CENTER,FLAGSTAFF,AZ,,"$14,545,565","$2,505,003.81"
FLOATING HOSPITAL FOR CHILDREN AT TUFTS MEDICAL CENTER,BOSTON,MA,,,"$21,150,000.00"
FLORENCE MEDICAL CENTER (FKA CAROLINAS HOSPITAL SYSTEM - FLORENCE),FLORENCE,SC,,,"$8,100,000.00"
FLORIDA MEDICAL CENTER (FKA NORTH SHORE MEDICAL CENTER FMC CAMPUS),LAUDERDALE LAKES,FL,,,"$19,700,000.00"
FLUSHING HOSPITAL MEDICAL CENTER,FLUSHING,NY,,"$48,482,885","$11,265,904.74"
FORREST GENERAL HOSPITAL,HATTIESBURG,MS,,,"$12,650,000.00"
FORT DEFIANCE INDIAN HOSPITAL,FORT DEFIANCE,AZ,,,"$4,450,000.00"
FORT WASHINGTON MEDICAL CENTER,FORT WASHINGTON,MD,,,"$4,800,000.00"
FRANCISCAN HEALTH DYER (FKA FRANCISCAN ST MARGARET HEALTH - DYER CAMPUS),DYER,IN,,,"$5,950,000.00"
FRANCISCAN HEALTH HAMMOND (FKA FRANCISCAN ST MARGARET HEALTH - HAMMOND CAMPUS),HAMMOND,IN,,"$17,169,265",
FRANCISCAN HEALTH INDIANAPOLIS (FKA FRANCISCAN ST FRANCIS HEALTH - INDIANAPOLIS),INDIANAPOLIS,IN,,"$37,496,901","$2,418,754.76"
FRANCISCAN HEALTH LAFAYETTE EAST (FKA FRANCISCAN ST ELIZABETH HEALTH - LAFAYETTE EAST CAMPUS),LAFAYETTE,IN,,"$13,558,165",
FRANCISCAN HEALTH OLYMPIA FIELDS (FKA FRANCISCAN ST JAMES HEALTH - OLYMPIA FIELDS CAMPUS),OLYMPIA FIELDS,IL,,"$28,271,690","$1,082,187.81"
FRANKLIN FOUNDATION HOSPITAL,FRANKLIN,LA,,,"$1,000,000.00"
FRANKLIN MEDICAL CENTER,WINNSBORO,LA,,,"$1,150,000.00"
FREDERICK HEALTH HOSPITAL (FKA FREDERICK REGIONAL HEALTH SYSTEM),FREDERICK,MD,,,"$10,100,000.00"
FROEDTERT HOSPITAL,MILWAUKEE,WI,,"$15,577,815","$11,735,246.05"
FROEDTERT PLEASANT PRAIRIE HOSPITAL (FKA ST CATHERINES MEDICAL CENTER),PLEASANT PRAIRIE,WI,,,"$6,650,000.00"
GALLUP INDIAN MEDICAL CENTER,GALLUP,NM,,,"$12,300,000.00"
GARDEN CITY HOSPITAL,GARDEN CITY,MI,,"$16,783,019","$4,304,844.86"
GATEWAY REGIONAL MEDICAL CENTER,GRANITE CITY,IL,,,"$8,650,000.00"
GEISINGER COMMUNITY MEDICAL CENTER,SCRANTON,PA,,,"$12,550,000.00"
GEISINGER JERSEY SHORE HOSPITAL,JERSEY SHORE,PA,,,"$1,250,000.00"
GEISINGER WYOMING VALLEY MEDICAL CENTER,WILKES BARRE,PA,,,"$11,650,000.00"
GEORGE WASHINGTON UNIVERSITY HOSPITAL,WASHINGTON,DC,,"$14,698,037","$16,851,052.26"
GLEN COVE HOSPITAL,GLEN COVE,NY,,"$16,626,768","$9,523,232.44"
GLENDALE MEMORIAL HOSPITAL,GLENDALE,CA,,,"$7,250,000.00"
GLENWOOD REGIONAL MEDICAL CENTER,WEST MONROE,LA,,,"$6,600,000.00"
GOLISANO CHILDRENS HOSPITAL,ROCHESTER,NY,,"$12,162,173",
GOOD SAMARITAN HOSPITAL,SUFFERN,NY,,"$39,262,378","$15,756,264.29"
GOOD SAMARITAN HOSPITAL MEDICAL CENTER,WEST ISLIP,NY,,"$52,864,813","$15,178,285.52"
GOOD SAMARITAN MEDICAL CENTER,BROCKTON,MA,,"$22,817,939","$15,213,959.17"
GOOD SAMARITAN MEDICAL CENTER (FKA EXEMPLA GOOD SAMARITAN MEDICAL CENTER LLC),LAFAYETTE,CO,,,"$6,800,000.00"
GOSHEN HEALTH HOSPITAL,GOSHEN,IN,,,"$4,550,000.00"
GOTTLIEB MEMORIAL HOSPITAL,MELROSE PARK,IL,,,"$13,200,000.00"
GRADY HOSPITAL (AKA GRADY MEMORIAL HOSPITAL CORPORATION),ATLANTA,GA,,"$34,788,831","$11,680,609.42"
GRAND RIVER MEDICAL CENTER (AKA GRAND RIVER HEALTH),RIFLE,CO,,,"$500,000.00"
GREATER BALTIMORE MEDICAL CENTER (AKA GBMC HEALTHCARE),BALTIMORE,MD,,,"$7,450,000.00"
GREENE COUNTY GENERAL HOSPITAL,LINTON,IN,,,"$1,200,000.00"
GREENE COUNTY HOSPITAL,LEAKESVILLE,MS,,,"$400,000.00"
GREENVILLE MEMORIAL HOSPITAL,GREENVILLE,SC,,,"$11,250,000.00"
GREENWICH HOSPITAL,GREENWICH,CT,,"$24,137,009","$8,056,582.20"
GREER MEMORIAL HOSPITAL,GREER,SC,,,"$2,650,000.00"
GRIFFIN HOSPITAL,DERBY,CT,,,"$8,700,000.00"
GULF COAST MEDICAL CENTER,FORT MYERS,FL,,"$12,895,993","$2,443,149.16"
GUNNISON VALLEY HEALTH,GUNNISON,CO,,,"$2,200,000.00"
HABERSHAM MEDICAL CENTER,DEMOREST,GA,,,"$9,400,000.00"
HACKENSACK MERIDIAN HEALTH MOUNTAINSIDE MEDICAL CENTER,MONTCLAIR,NJ,,"$32,521,807","$2,039,931.95"
HACKENSACK MERIDIAN HEALTH PASCACK VALLEY MEDICAL CENTER,WESTWOOD,NJ,,"$12,513,351","$1,110,851.66"
HACKENSACK UNIVERSITY MEDICAL CENTER,HACKENSACK,NJ,,"$98,138,112","$49,511.98"
HACKETTSTOWN MEDICAL CENTER,HACKETTSTOWN,NJ,,,"$7,500,000.00"
HALE COUNTY HOSPITAL,GREENSBORO,AL,,,"$950,000.00"
HANCOCK REGIONAL HOSPITAL (AKA HANCOCK HEALTH),GREENFIELD,IN,,,"$1,850,000.00"
HARBOR - UCLA MEDICAL CENTER,TORRANCE,CA,,,"$13,200,000.00"
HARRINGTON MEMORIAL HOSPITAL,SOUTHBRIDGE,MA,,,"$3,250,000.00"
HARRIS HEALTH SYSTEM (FKA HARRIS COUNTY HOSPITAL DISTRICT),HOUSTON,TX,,,"$18,350,000.00"
HARRISON COUNTY HOSPITAL,CORYDON,IN,,,"$850,000.00"
HARTFORD HOSPITAL,HARTFORD,CT,,"$37,899,728","$29,228,077.30"
HEALTHALLIANCE HOSPITAL BROADWAY CAMPUS (FKA KINGSTON HOSPITAL),KINGSTON,NY,,,"$5,150,000.00"
HEALTHPARK MEDICAL CENTER,FORT MYERS,FL,,"$17,366,063",
HEBER VALLEY HOSPITAL (FKA HEBER VALLEY MEDICAL CENTER),HEBER CITY,UT,,,"$550,000.00"
HEBREW SENIORLIFE - HEBREW REHABILITATION CENTER,ROSLINDALE,MA,,,"$11,350,000.00"
HEMET VALLEY MEDICAL CENTER,HEMET,CA,,"$10,064,069","$12,609,640.45"
HENDERSON HOSPITAL,HENDERSON,NV,,,"$4,150,000.00"
HENDRICKS REGIONAL HEALTH - BROWNSBURG HOSPITAL,BROWNSBURG,IN,,,"$700,000.00"
HENDRICKS REGIONAL HEALTH - DANVILLE HOSPITAL,DANVILLE,IN,,,"$6,500,000.00"
HENDRY REGIONAL MEDICAL CENTER,CLEWISTON,FL,,,"$2,100,000.00"
HENNEPIN COUNTY MEDICAL CENTER (AKA HENNEPIN HEALTHCARE),MINNEAPOLIS,MN,,,"$24,300,000.00"
HENRY FORD ALLEGIANCE HEALTH (FKA ALLEGIANCE HEALTH HOSPITAL WA FOOTE MEMORIAL HOSPITAL),JACKSON,MI,,,"$12,200,000.00"
HENRY FORD HOSPITAL,DETROIT,MI,,"$71,236,300","$8,442,403.65"
HENRY FORD MACOMB HOSPITAL - CLINTON TOWNSHIP,CLINTON TOWNSHIP,MI,,"$51,660,259",
HENRY FORD WEST BLOOMFIELD HOSPITAL,WEST BLOOMFIELD,MI,,"$36,764,271",
HENRY FORD WYANDOTTE HOSPITAL,WYANDOTTE,MI,,"$22,714,394","$2,631,661.68"
HENRY MAYO NEWHALL MEMORIAL HOSPITAL,VALENCIA,CA,,,"$5,650,000.00"
HEREFORD REGIONAL MEDICAL CENTER (AKA DEAF SMITH COUNTY HOSPITAL DISTRICT),HEREFORD,TX,,,"$1,900,000.00"
HIALEAH HOSPITAL,HIALEAH,FL,,,"$14,400,000.00"
HIGGINS GENERAL HOSPITAL,BREMEN,GA,,,"$2,450,000.00"
HIGHLAND COMMUNITY HOSPITAL,PICAYUNE,MS,,,"$2,900,000.00"
HIGHLAND HOSPITAL (CA),OAKLAND,CA,,,"$8,350,000.00"
HIGHLAND HOSPITAL (NY),ROCHESTER,NY,,,"$6,500,000.00"
HIGHLINE MEDICAL CENTER,BURIEN,WA,,,"$7,700,000.00"
HILLCREST HOSPITAL,MAYFIELD HEIGHTS,OH,,,"$9,700,000.00"
HOBOKEN UNIVERSITY MEDICAL CENTER,HOBOKEN,NJ,,"$25,498,511","$18,229,606.42"
HOLY CROSS GERMANTOWN HOSPITAL,GERMANTOWN,MD,,,"$11,850,000.00"
HOLY CROSS HOSPITAL (FL),FORT LAUDERDALE,FL,,"$8,711,231","$344,519.33"
HOLY CROSS HOSPITAL (IL),CHICAGO,IL,,"$14,065,907","$3,514,803.21"
HOLY CROSS HOSPITAL (MD),SILVER SPRING,MD,,"$11,469,391","$32,530,609.42"
HOLY FAMILY HOSPITAL - HAVERHILL (FKA MERRIMACK VALLEY HOSPITAL),HAVERHILL,MA,,,"$1,000,000.00"
HOLY FAMILY HOSPITAL - METHUEN,METHUEN,MA,,,"$19,150,000.00"
HOLY NAME MEDICAL CENTER (AKA HOLY NAME HEALTH),TEANECK,NJ,2020-06-03T00:00:00.000,"$213,428,947",
HOLY NAME MEDICAL CENTER (AKA HOLY NAME HEALTH),TEANECK,NJ,,"$74,489,072",
HOLY REDEEMER HOSPITAL AND MEDICAL CENTER (AKA HOLY REDEEMER HEALTH SYSTEM),MEADOWBROOK,PA,,"$19,376,851","$24,214,644.26"
HOLYOKE MEDICAL CENTER (AKA VALLEY HEALTH SYSTEMS),HOLYOKE,MA,,,"$8,700,000.00"
HOMESTEAD HOSPITAL,HOMESTEAD,FL,,,"$7,450,000.00"
HOSPITAL FOR SPECIAL SURGERY,NEW YORK,NY,,,"$8,150,000.00"
HOSPITAL OF THE UNIVERSITY OF PENNSYLVANIA,PHILADELPHIA,PA,,"$20,651,188","$16,764,118.13"
HOUSTON MEDICAL CENTER,WARNER ROBINS,GA,,"$11,525,425",
HOUSTON METHODIST CONTINUING CARE HOSPITAL (AKA HOUSTON METHODIST WEST HOSPITAL - ST CATHERINE CAMPUS),KATY,TX,,,"$11,500,000.00"
HOUSTON METHODIST HOSPITAL (FKA THE METHODIST HOSPITAL),HOUSTON,TX,,"$16,678,951","$7,883,190.80"
HOUSTON METHODIST SUGAR LAND HOSPITAL (FKA METHODIST SUGAR LAND HOSPITAL),SUGAR LAND,TX,,"$10,715,660","$4,194,519.33"
HOUSTON METHODIST WEST HOSPITAL (FKA METHODIST WEST HOUSTON HOSPITAL),HOUSTON,TX,,,"$6,900,000.00"
HOUSTON METHODIST WILLOWBROOK HOSPITAL (FKA METHODIST WILLOWBROOK HOSPITAL),HOUSTON,TX,,,"$10,650,000.00"
HOWARD COUNTY GENERAL HOSPITAL,COLUMBIA,MD,,"$7,697,578","$13,252,422.43"
HOWARD UNIVERSITY HOSPITAL,WASHINGTON,DC,,,"$13,750,000.00"
HSHS ST ELIZABETHS HOSPITAL,O FALLON,IL,,,"$7,400,000.00"
HSHS ST JOHNS HOSPITAL,SPRINGFIELD,IL,2020-05-13T00:00:00.000,"$27,940,970",
HSHS ST MARYS HOSPITAL MEDICAL CENTER,GREEN BAY,WI,,,"$2,650,000.00"
HUDSON REGIONAL HOSPITAL (FKA MEADOWLANDS HOSPITAL MEDICAL CENTER),SECAUCUS,NJ,,"$8,550,813","$3,390,567.77"
HUMBOLDT GENERAL HOSPITAL,WINNEMUCCA,NV,,,"$750,000.00"
HUNTERDON MEDICAL CENTER (AKA HUNTERDON HEALTHCARE),FLEMINGTON,NJ,,"$11,529,864","$880,609.42"
HUNTINGTON BEACH HOSPITAL,HUNTINGTON BEACH,CA,,,"$2,400,000.00"
HUNTINGTON HOSPITAL,HUNTINGTON,NY,,"$44,597,579","$8,935,662.49"
HUNTINGTON HOSPITAL (FKA HUNTINGTON MEMORIAL HOSPITAL),PASADENA,CA,,"$21,622,011",
HUNTSVILLE MEMORIAL HOSPITAL,HUNTSVILLE,TX,,,"$2,950,000.00"
HURLEY MEDICAL CENTER,FLINT,MI,,"$18,545,188","$1,601,578.39"
HURON REGIONAL MEDICAL CENTER,HURON,SD,,,"$700,000.00"
IBERIA MEDICAL CENTER - MAIN CAMPUS,NEW IBERIA,LA,,,"$3,900,000.00"
INOVA ALEXANDRIA HOSPITAL,ALEXANDRIA,VA,,"$11,092,968","$17,144,519.33"
INOVA FAIR OAKS HOSPITAL,FAIRFAX,VA,,,"$11,150,000.00"
INOVA FAIRFAX HOSPITAL (AKA INOVA FAIRFAX MEDICAL CAMPUS),FALLS CHURCH,VA,,"$29,620,679","$49,707,426.24"
INOVA LOUDOUN HOSPITAL,LEESBURG,VA,,,"$14,250,000.00"
INOVA MOUNT VERNON HOSPITAL,ALEXANDRIA,VA,,,"$10,650,000.00"
INSPIRA MEDICAL CENTER ELMER (FKA SOUTH JERSEY HEALTHCARE - ELMER HOSPITAL),ELMER,NJ,,,"$2,600,000.00"
INSPIRA MEDICAL CENTER MULLICA HILL,MULLICA HILL,NJ,,,"$13,950,000.00"
INSPIRA MEDICAL CENTER VINELAND (FKA SOUTH JERSEY HEALTHCARE REGIONAL MEDICAL CENTER),VINELAND,NJ,,,"$24,100,000.00"
INTENSIVE SPECIALTY HOSPITAL - SHREVEPORT CAMPUS (FKA PROMISE HOSPITAL OF LOUISIANA),SHREVEPORT,LA,,,"$9,050,000.00"
INTERFAITH MEDICAL CENTER,BROOKLYN,NY,,"$21,783,587","$3,171,177.19"
INTERMOUNTAIN MEDICAL CENTER,MURRAY,UT,,,"$12,300,000.00"
IOWA METHODIST MEDICAL CENTER,DES MOINES,IA,,,"$13,450,000.00"
IU HEALTH BEDFORD HOSPITAL,BEDFORD,IN,,,"$2,350,000.00"
IU HEALTH METHODIST HOSPITAL,INDIANAPOLIS,IN,,"$36,448,161","$12,359,322.54"
IU HEALTH NORTH HOSPITAL,CARMEL,IN,,,"$5,750,000.00"
IU HEALTH PAOLI HOSPITAL (FKA BLOOMINGTON HOSPITAL OF ORANGE COUNTY),PAOLI,IN,,,"$1,050,000.00"
IU HEALTH WEST HOSPITAL (FKA CLARIAN WEST MEDICAL CENTER),AVON,IN,,"$8,851,468","$4,867,543.55"
JACKSON HOSPITAL,MONTGOMERY,AL,,,"$10,550,000.00"
JACKSON MEMORIAL HOSPITAL,MIAMI,FL,,"$49,941,627","$12,325,972.78"
JACKSON NORTH MEDICAL CENTER,MIAMI,FL,,,"$13,900,000.00"
JACKSON PARK HOSPITAL & MEDICAL CENTER,CHICAGO,IL,,,"$5,900,000.00"
JACKSON PURCHASE MEDICAL CENTER,MAYFIELD,KY,,,"$2,850,000.00"
JACKSON SOUTH MEDICAL CENTER,MIAMI,FL,,,"$7,000,000.00"
JAMAICA HOSPITAL MEDICAL CENTER,JAMAICA,NY,,"$75,862,418","$1,128,334.79"
JEFFERSON BUCKS HOSPITAL,LANGHORNE,PA,,,"$6,050,000.00"
JEFFERSON CHERRY HILL HOSPITAL (FKA KENNEDY UNIVERSITY HOSPITAL - CHERRY HILL),CHERRY HILL,NJ,,"$18,949,207",
JEFFERSON FRANKFORD HOSPITAL,PHILADELPHIA,PA,,,"$11,250,000.00"
JEFFERSON HOSPITAL FOR NEUROSCIENCE,PHILADELPHIA,PA,,,"$1,100,000.00"
JEFFERSON METHODIST HOSPITAL,PHILADELPHIA,PA,,,"$13,400,000.00"
JEFFERSON STRATFORD HOSPITAL (FKA KENNEDY UNIVERSITY HOSPITAL - STRATFORD),STRATFORD,NJ,,"$18,487,352","$26,240,408.82"
JEFFERSON TORRESDALE HOSPITAL,PHILADELPHIA,PA,,"$14,113,940","$14,281,979.59"
JENNERSVILLE HOSPITAL,WEST GROVE,PA,,,"$2,700,000.00"
JENNINGS AMERICAN LEGION HOSPITAL,JENNINGS,LA,,,"$1,750,000.00"
JERSEY CITY MEDICAL CENTER,JERSEY CITY,NJ,,"$35,157,666","$3,713,641.26"
JERSEY SHORE UNIVERSITY MEDICAL CENTER,NEPTUNE,NJ,,"$39,649,465","$7,291,143.17"
JEWISH HOME & REHAB CENTER (AKA SAN FRANCISCO CAMPUS FOR JEWISH LIVING),SAN FRANCISCO,CA,,,"$700,000.00"
JFK MEDICAL CENTER (FL),ATLANTIS,FL,,"$17,691,367","$12,046,415.62"
JFK MEDICAL CENTER (NJ),EDISON,NJ,,"$59,603,910","$11,280,022.86"
JFK MEMORIAL HOSPITAL,INDIO,CA,,,"$4,050,000.00"
JOHN C STENNIS MEMORIAL HOSPITAL,DEKALB,MS,,,"$850,000.00"
JOHN H STROGER JR HOSPITAL OF COOK COUNTY,CHICAGO,IL,,"$59,380,169","$30,263,323.35"
JOHN PETER SMITH HOSPITAL (AKA JPS HEALTH NETWORK),FORT WORTH,TX,,,"$40,600,000.00"
JOHN T MATHER MEMORIAL HOSPITAL OF PORT JEFFERSON (AKA MATHER HOSPITAL),PORT JEFFERSON,NY,,"$19,640,036","$648,152.97"
JOHNS HOPKINS BAYVIEW MEDICAL CENTER,BALTIMORE,MD,,,"$14,900,000.00"
JOHNSON MEMORIAL HOSPITAL,STAFFORD SPRINGS,CT,,,"$3,400,000.00"
JUPITER MEDICAL CENTER,JUPITER,FL,,,"$8,450,000.00"
KADLEC REGIONAL MEDICAL CENTER (AKA KADLEC HEALTH SYSTEM),RICHLAND,WA,,,"$11,850,000.00"
KAISER PERMANENTE - LOS ANGELES MEDICAL CENTER,LOS ANGELES,CA,2020-05-28T00:00:00.000,"$8,558,190",
KAWEAH DELTA MEDICAL CENTER,VISALIA,CA,,,"$10,900,000.00"
KENDALL REGIONAL MEDICAL CENTER,MIAMI,FL,,,"$10,100,000.00"
KENMORE MERCY HOSPITAL,KENMORE,NY,,,"$5,000,000.00"
KINGS DAUGHTERS MEDICAL CENTER,BROOKHAVEN,MS,,,"$3,050,000.00"
KINGSBROOK JEWISH MEDICAL CENTER,BROOKLYN,NY,,"$30,844,021",
LAC & USC MEDICAL CENTER,LOS ANGELES,CA,,"$22,986,060","$22,240,567.77"
LACKEY MEMORIAL HOSPITAL,FOREST,MS,,,"$2,200,000.00"
LAFAYETTE GENERAL MEDICAL CENTER,LAFAYETTE,LA,,"$14,727,801","$1,485,931.14"
LAHEY HOSPITAL & MEDICAL CENTER - BURLINGTON (FKA LAHEY CLINIC HOSPITAL),BURLINGTON,MA,,"$12,162,173","$15,187,827.44"
LAKE CITY MEDICAL CENTER,LAKE CITY,FL,,,"$2,500,000.00"
LAKE MARTIN COMMUNITY HOSPITAL,DADEVILLE,AL,,,"$2,850,000.00"
LAKELAND MEDICAL CENTER,SAINT JOSEPH,MI,,,"$12,150,000.00"
LAKELAND REGIONAL HEALTH MEDICAL CENTER,LAKELAND,FL,,,"$12,200,000.00"
LAKESIDE MEDICAL CENTER,BELLE GLADE,FL,,,"$13,900,000.00"
LAKEVIEW REGIONAL MEDICAL CENTER,COVINGTON,LA,,,"$5,400,000.00"
LAKEWOOD REGIONAL MEDICAL CENTER,LAKEWOOD,CA,,,"$6,250,000.00"
LALLIE KEMP REGIONAL MEDICAL CENTER (AKA LSU HEALTH),INDEPENDENCE,LA,,,"$800,000.00"
LANCASTER GENERAL HOSPITAL,LANCASTER,PA,,,"$21,450,000.00"
LANDMARK MEDICAL CENTER,WOONSOCKET,RI,,,"$5,550,000.00"
LANE REGIONAL MEDICAL CENTER,ZACHARY,LA,,,"$5,050,000.00"
LANKENAU MEDICAL CENTER,WYNNEWOOD,PA,,"$14,475,453","$14,983,875.89"
LARKIN COMMUNITY HOSPITAL - PALM SPRINGS CAMPUS (FKA PALM SPRINGS GENERAL HOSPITAL),HIALEAH,FL,,,"$11,150,000.00"
LARKIN COMMUNITY HOSPITAL - SOUTH MIAMI CAMPUS,SOUTH MIAMI,FL,,,"$6,300,000.00"
LAWRENCE & MEMORIAL HOSPITAL,NEW LONDON,CT,,,"$7,450,000.00"
LAWRENCE COUNTY HOSPITAL,MONTICELLO,MS,,,"$900,000.00"
LAWRENCE GENERAL HOSPITAL,LAWRENCE,MA,,"$19,737,432","$5,027,184.00"
LEGACY MERIDIAN PARK MEDICAL CENTER,TUALATIN,OR,,,"$3,550,000.00"
LEHIGH VALLEY HOSPITAL - CEDAR CREST,ALLENTOWN,PA,,"$31,583,384","$16,419,121.94"
LEHIGH VALLEY HOSPITAL - HAZLETON (FKA HAZLETON GENERAL HOSPITAL),HAZLETON,PA,,,"$8,350,000.00"
LEHIGH VALLEY HOSPITAL - POCONO (FKA POCONO MEDICAL CENTER),EAST STROUDSBURG,PA,,"$9,951,773",
LENOX HILL HOSPITAL,NEW YORK,NY,,"$66,453,550","$6,291,718.56"
LEONARD J CHABERT MEDICAL CENTER,HOUMA,LA,,,"$2,700,000.00"
LEXINGTON MEDICAL CENTER,WEST COLUMBIA,SC,,,"$8,500,000.00"
LEXINGTON REGIONAL HEALTH CENTER,LEXINGTON,NE,,,"$2,000,000.00"
LITTLE COLORADO MEDICAL CENTER,WINSLOW,AZ,,,"$2,650,000.00"
LITTLETON ADVENTIST HOSPITAL,LITTLETON,CO,,,"$5,450,000.00"
LOGANSPORT MEMORIAL HOSPITAL,LOGANSPORT,IN,,,"$2,150,000.00"
LONG BEACH MEDICAL CENTER (FKA LONG BEACH MEMORIAL MEDICAL CENTER),LONG BEACH,CA,,,"$12,000,000.00"
LONG ISLAND COMMUNITY HOSPITAL (FKA BROOKHAVEN MEMORIAL HOSPITAL MEDICAL CENTER),PATCHOGUE,NY,,,"$37,600,000.00"
LONG ISLAND JEWISH FOREST HILLS (FKA FOREST HILLS HOSPITAL),FOREST HILLS,NY,,,"$8,478,175.83"
LONG ISLAND JEWISH MEDICAL CENTER,NEW HYDE PARK,NY,,"$277,653,312","$1,136,544.64"
LONG ISLAND JEWISH VALLEY STREAM (FKA FRANKLIN HOSPITAL),VALLEY STREAM,NY,,,"$3,817,801.04"
LOS ANGELES COMMUNITY HOSPITAL,LOS ANGELES,CA,,,"$5,350,000.00"
LOURDES MEDICAL CENTER (FKA LOURDES HEALTH),PASCO,WA,,,"$1,250,000.00"
LOVELACE MEDICAL CENTER,ALBUQUERQUE,NM,,,"$10,150,000.00"
LOWELL GENERAL HOSPITAL - MAIN CAMPUS,LOWELL,MA,,,"$28,050,000.00"
LOYOLA UNIVERSITY MEDICAL CENTER,MAYWOOD,IL,,"$19,599,154","$13,878,554.17"
LUTHERAN MEDICAL CENTER (FKA EXEMPLA LUTHERAN MEDICAL CENTER),WHEAT RIDGE,CO,,,"$10,150,000.00"
M HEALTH FAIRVIEW SOUTHDALE HOSPITAL,EDINA,MN,2020-05-26T00:00:00.000,"$8,025,837",
M HEALTH FAIRVIEW ST JOSEPHS HOSPITAL (FKA HEALTHEAST ST JOSEPHS HOSPITAL),SAINT PAUL,MN,2020-05-26T00:00:00.000,"$24,265,858","$25,050,000.00"
M HEALTH FAIRVIEW UNIVERSITY OF MINNESOTA MEDICAL CENTER - WEST BANK HOSPITAL,MINNEAPOLIS,MN,2020-05-26T00:00:00.000,"$17,203,432",
MACNEAL HOSPITAL,BERWYN,IL,,"$10,780,487","$21,605,688.90"
MAGEE GENERAL HOSPITAL,MAGEE,MS,,,"$2,450,000.00"
MAIMONIDES MEDICAL CENTER,BROOKLYN,NY,,"$131,500,615","$21,967,263.75"
MAINE MEDICAL CENTER (AKA MMC - BRAMHALL),PORTLAND,ME,,,"$9,100,000.00"
MAINLAND MEDICAL CENTER (AKA HCA HOUSTON HEALTHCARE MAINLAND),TEXAS CITY,TX,,,"$10,200,000.00"
MAJOR HEALTH PARTNERS MEDICAL CENTER (FKA MAJOR HOSPITAL),SHELBYVILLE,IN,,"$16,384,997","$3,450,000.00"
MANCHESTER MEMORIAL HOSPITAL,MANCHESTER,CT,,,"$9,450,000.00"
MAPLE GROVE HOSPITAL,MAPLE GROVE,MN,,,"$4,000,000.00"
MARGARET MARY HEALTH (FKA MARGARET MARY COMMUNITY HOSPITAL),BATESVILLE,IN,,,"$2,300,000.00"
MARIA PARHAM MEDICAL CENTER (AKA MARIA PARHAM HEALTH),HENDERSON,NC,,,"$3,150,000.00"
MARIANJOY REHABILITATION HOSPITAL,WHEATON,IL,,,"$4,050,000.00"
MARTIN LUTHER KING JR COMMUNITY HOSPITAL,LOS ANGELES,CA,,,"$11,750,000.00"
MARY WASHINGTON HOSPITAL,FREDERICKSBURG,VA,,,"$10,100,000.00"
MARYMOUNT HOSPITAL,GARFIELD HEIGHTS,OH,,,"$16,400,000.00"
MASSACHUSETTS GENERAL HOSPITAL,BOSTON,MA,,"$52,294,071","$47,767,959.99"
MAYO CLINIC HOSPITAL - SAINT MARYS CAMPUS,ROCHESTER,MN,,,"$8,300,000.00"
MCCURTAIN MEMORIAL HOSPITAL,IDABEL,OK,,,"$1,200,000.00"
MCLAREN FLINT,FLINT,MI,,"$15,109,199","$4,364,118.13"
MCLAREN LAPEER REGION (FKA LAPEER REGIONAL MEDICAL CENTER),LAPEER,MI,,,"$3,700,000.00"
MCLAREN MACOMB (AKA MOUNT CLEMENS REGIONAL MEDICAL CENTER),MOUNT CLEMENS,MI,,"$19,577,251","$6,722,547.36"
MCLAREN OAKLAND (FKA PONTIAC OSTEOPATHIC HOSPITAL MEDICAL CENTER),PONTIAC,MI,,,"$5,100,000.00"
MCLAREN PORT HURON,PORT HURON,MI,,,"$4,750,000.00"
MCLEOD HEALTH CHERAW (FKA CHESTERFIELD GENERAL HOSPITAL),CHERAW,SC,,,"$2,700,000.00"
MCLEOD HEALTH CLARENDON (FKA CLARENDON MEMORIAL HOSPITAL),MANNING,SC,,,"$3,200,000.00"
MCLEOD REGIONAL MEDICAL CENTER,FLORENCE,SC,,,"$13,650,000.00"
MEDICAL CENTER BARBOUR,EUFAULA,AL,,,"$1,400,000.00"
MEDICAL CITY ARLINGTON (FKA MEDICAL CENTER OF ARLINGTON),ARLINGTON,TX,,,"$8,350,000.00"
MEDICAL CITY DALLAS,DALLAS,TX,,,"$9,450,000.00"
MEDSTAR FRANKLIN SQUARE MEDICAL CENTER,BALTIMORE,MD,,,"$15,850,000.00"
MEDSTAR GEORGETOWN UNIVERSITY HOSPITAL,WASHINGTON,DC,,,"$18,650,000.00"
MEDSTAR GOOD SAMARITAN HOSPITAL,BALTIMORE,MD,,,"$10,150,000.00"
MEDSTAR HARBOR HOSPITAL,BALTIMORE,MD,,,"$7,400,000.00"
MEDSTAR MONTGOMERY MEDICAL CENTER,OLNEY,MD,,,"$13,400,000.00"
MEDSTAR SOUTHERN MARYLAND HOSPITAL CENTER,CLINTON,MD,,"$8,159,432","$13,140,567.77"
MEDSTAR ST MARYS HOSPITAL,LEONARDTOWN,MD,,,"$4,550,000.00"
MEDSTAR UNION MEMORIAL HOSPITAL,BALTIMORE,MD,,,"$8,300,000.00"
MEDSTAR WASHINGTON HOSPITAL CENTER,WASHINGTON,DC,,"$29,260,456","$37,002,104.52"
MELROSEWAKEFIELD HOSPITAL,MELROSE,MA,,"$10,735,623","$6,974,076.48"
MEMORIAL HERMANN - TEXAS MEDICAL CENTER,HOUSTON,TX,,,"$20,200,000.00"
MEMORIAL HERMANN GREATER HEIGHTS HOSPITAL (FKA MEMORIAL HERMANN NORTHWEST HOSPITAL),HOUSTON,TX,,,"$79,500,000.00"
MEMORIAL HERMANN KATY HOSPITAL,KATY,TX,,,"$8,450,000.00"
MEMORIAL HERMANN MEMORIAL CITY MEDICAL CENTER,HOUSTON,TX,,,"$16,800,000.00"
MEMORIAL HERMANN NORTHEAST HOSPITAL,HUMBLE,TX,,,"$13,950,000.00"
MEMORIAL HERMANN SUGAR LAND HOSPITAL,SUGAR LAND,TX,,,"$10,100,000.00"
MEMORIAL HOSPITAL AT GULFPORT,GULFPORT,MS,2020-05-11T00:00:00.000,"$15,355,596",
MEMORIAL HOSPITAL BELLEVILLE,BELLEVILLE,IL,,,"$10,700,000.00"
MEMORIAL HOSPITAL MIRAMAR,MIRAMAR,FL,,,"$6,150,000.00"
MEMORIAL HOSPITAL OF GARDENA,GARDENA,CA,,,"$23,700,000.00"
MEMORIAL HOSPITAL PEMBROKE,PEMBROKE PINES,FL,,,"$8,300,000.00"
MEMORIAL HOSPITAL WEST,PEMBROKE PINES,FL,,"$16,256,769","$2,710,851.66"
MEMORIAL REGIONAL HOSPITAL,HOLLYWOOD,FL,,"$25,816,209","$6,263,433.04"
MEMORIAL REGIONAL MEDICAL CENTER,MECHANICSVILLE,VA,,,"$10,500,000.00"
MEMORIAL SATILLA HEALTH,WAYCROSS,GA,,,"$4,300,000.00"
MEMORIAL SLOAN KETTERING CANCER CENTER,NEW YORK,NY,,"$18,320,235","$5,079,765.38"
MERCER COUNTY COMMUNITY HOSPITAL - COLDWATER,COLDWATER,OH,,,"$1,200,000.00"
MERCY CATHOLIC MEDICAL CENTER - MERCY FITZGERALD CAMPUS,DARBY,PA,,"$17,469,310","$14,128,554.17"
MERCY HEALTH - FAIRFIELD HOSPITAL,FAIRFIELD,OH,,,"$11,900,000.00"
MERCY HEALTH - ST ANNE HOSPITAL,TOLEDO,OH,,,"$4,300,000.00"
MERCY HEALTH - ST CHARLES HOSPITAL,OREGON,OH,,,"$4,450,000.00"
MERCY HEALTH - ST ELIZABETH BOARDMAN HOSPITAL,YOUNGSTOWN,OH,,"$13,084,973","$2,214,803.21"
MERCY HEALTH - ST ELIZABETH YOUNGSTOWN HOSPITAL,YOUNGSTOWN,OH,,"$12,390,298","$11,531,294.50"
MERCY HEALTH - ST VINCENT MEDICAL CENTER,TOLEDO,OH,,,"$12,550,000.00"
MERCY HEALTH - WEST HOSPITAL,CINCINNATI,OH,,,"$8,600,000.00"
MERCY HEALTH HACKLEY CAMPUS (FKA MERCY HEALTH MUSKEGON - HACKLEY),MUSKEGON,MI,,,"$9,700,000.00"
MERCY HEALTH SAINT MARYS (FKA ST MARYS HEALTH CARE),GRAND RAPIDS,MI,,,"$11,800,000.00"
MERCY HOSPITAL,COON RAPIDS,MN,,,"$17,950,000.00"
MERCY HOSPITAL & MEDICAL CENTER,CHICAGO,IL,,"$15,330,984","$1,114,118.13"
MERCY HOSPITAL OF BUFFALO,BUFFALO,NY,,"$11,040,072",
MERCY HOSPITAL SOUTH (FKA ST ANTHONYS MEDICAL CENTER),SAINT LOUIS,MO,,,"$8,600,000.00"
MERCY HOSPITAL ST LOUIS,SAINT LOUIS,MO,,"$18,081,456","$4,796,415.62"
MERCY MEDICAL CENTER (MA),SPRINGFIELD,MA,,"$12,721,821","$2,555,003.81"
MERCY MEDICAL CENTER (NY),ROCKVILLE CENTRE,NY,,"$33,005,252","$7,820,859.28"
MERCYHEALTH JAVON BEA HOSPITAL - ROCKTON,ROCKFORD,IL,,"$12,910,709",
MERCYONE DES MOINES MEDICAL CENTER (FKA MERCY MEDICAL CENTER - DES MOINES),DES MOINES,IA,,,"$17,500,000.00"
MERCYONE SIOUXLAND MEDICAL CENTER (FKA MERCY MEDICAL CENTER - SIOUX CITY),SIOUX CITY,IA,,,"$10,750,000.00"
MERCYONE WATERLOO MEDICAL CENTER (FKA COVENANT MEDICAL CENTER),WATERLOO,IA,,,"$6,400,000.00"
MERIT HEALTH WESLEY (FKA WESLEY MEDICAL CENTER),HATTIESBURG,MS,,,"$4,900,000.00"
METHODIST CHARLTON MEDICAL CENTER,DALLAS,TX,,,"$8,800,000.00"
METHODIST DALLAS MEDICAL CENTER,DALLAS,TX,,,"$14,050,000.00"
METHODIST HOSPITAL,ST LOUIS PARK,MN,,,"$15,250,000.00"
METHODIST HOSPITAL OF SOUTHERN CALIFORNIA,ARCADIA,CA,,,"$9,400,000.00"
METHODIST HOSPITALS - NORTHLAKE,GARY,IN,,,"$11,700,000.00"
METHODIST OLIVE BRANCH HOSPITAL,OLIVE BRANCH,MS,,,"$1,800,000.00"
METHODIST RICHARDSON MEDICAL CENTER,RICHARDSON,TX,,,"$5,750,000.00"
METHODIST UNIVERSITY HOSPITAL,MEMPHIS,TN,,,"$8,400,000.00"
METROWEST MEDICAL CENTER - FRAMINGHAM UNION HOSPITAL,FRAMINGHAM,MA,,"$18,946,354","$2,142,305.12"
MIDDLESEX HOSPITAL (AKA MIDDLESEX HEALTH SYSTEM),MIDDLETOWN,CT,,"$10,375,248","$4,435,931.14"
MIDHUDSON REGIONAL HOSPITAL (FKA ST FRANCIS HOSPITAL),POUGHKEEPSIE,NY,,,"$7,400,000.00"
MIDSTATE MEDICAL CENTER,MERIDEN,CT,,,"$10,550,000.00"
MILFORD REGIONAL MEDICAL CENTER,MILFORD,MA,,,"$10,400,000.00"
MILLARD FILLMORE SUBURBAN HOSPITAL,WILLIAMSVILLE,NY,,"$14,810,932","$3,871,495.10"
MINIDOKA MEMORIAL HOSPITAL,RUPERT,ID,,,"$500,000.00"
MIRIAM HOSPITAL,PROVIDENCE,RI,,,"$24,000,000.00"
MISSION COMMUNITY HOSPITAL,PANORAMA CITY,CA,,,"$7,850,000.00"
MISSISSIPPI BAPTIST MEDICAL CENTER (FKA MISSISSIPPI HOSPITAL FOR RESTORATIVE CARE),JACKSON,MS,,,"$8,900,000.00"
MISSOURI BAPTIST MEDICAL CENTER,SAINT LOUIS,MO,,,"$9,350,000.00"
MITCHELL COUNTY HOSPITAL,CAMILLA,GA,,,"$2,750,000.00"
MOBILE INFIRMARY,MOBILE,AL,,"$12,172,443","$8,686,616.22"
MONMOUTH MEDICAL CENTER,LONG BRANCH,NJ,,"$16,016,127","$5,891,778.99"
MONMOUTH MEDICAL CENTER SOUTHERN CAMPUS,LAKEWOOD,NJ,,"$12,606,762","$3,716,173.38"
MONTEFIORE HOSPITAL - EINSTEIN CAMPUS (AKA JACK D WEILER HOSPITAL),BRONX,NY,,"$89,200,836","$20,292,929.78"
MONTEFIORE HOSPITAL - MOSES CAMPUS,BRONX,NY,,"$156,708,592","$8,235,174.47"
MONTEFIORE MOUNT VERNON HOSPITAL,MOUNT VERNON,NY,,"$15,174,844",
MONTEFIORE NEW ROCHELLE HOSPITAL (FKA SOUND SHORE MEDICAL CENTER OF WESTCHESTER),NEW ROCHELLE,NY,,"$27,970,631","$8,870,333.15"
MONTEFIORE NYACK HOSPITAL (FKA NYACK HOSPITAL),NYACK,NY,,"$44,828,287","$14,940,299.13"
MONTEFIORE WAKEFIELD CAMPUS,BRONX,NY,,"$72,958,948","$8,384,818.45"
MONTEREY PARK HOSPITAL,MONTEREY PARK,CA,,,"$3,950,000.00"
MONTROSE MEMORIAL HOSPITAL,MONTROSE,CO,,,"$1,850,000.00"
MOORE COUNTY HOSPITAL DISTRICT,DUMAS,TX,,,"$2,000,000.00"
MOREHOUSE GENERAL HOSPITAL,BASTROP,LA,,,"$1,600,000.00"
MORRISTOWN MEDICAL CENTER,MORRISTOWN,NJ,,"$47,395,253","$13,980,340.77"
MORTON HOSPITAL,TAUNTON,MA,,"$9,868,747","$12,924,761.57"
MOUNT AUBURN HOSPITAL,CAMBRIDGE,MA,,,"$14,350,000.00"
MOUNT CARMEL EAST,COLUMBUS,OH,,,"$12,250,000.00"
MOUNT CARMEL ST ANNS,WESTERVILLE,OH,,,"$8,900,000.00"
MOUNT SINAI BETH ISRAEL (FKA MOUNT SINAI BETH ISRAEL MEDICAL CENTER BROOKLYN HOSPITAL CENTER),NEW YORK,NY,,"$46,958,400","$7,581,184.81"
MOUNT SINAI BROOKLYN (AKA MOUNT SINAI BETH ISRAEL BROOKLYN MEDICAL CENTER - KINGS HIGHWAY DIVISION BROOKLYN),BROOKLYN,NY,,"$54,809,930","$2,029,655.69"
MOUNT SINAI MEDICAL CENTER (AKA THE MOUNT SINAI HOSPITAL),NEW YORK,NY,,"$140,754,861","$12,881,540.83"
MOUNT SINAI MEDICAL CENTER (FL),MIAMI BEACH,FL,,"$16,629,727","$15,933,875.89"
MOUNT SINAI MORNINGSIDE (FKA MOUNT SINAI ST LUKES),NEW YORK,NY,,"$63,732,310","$2,852,520.96"
MOUNT SINAI QUEENS,ASTORIA,NY,,"$68,397,632","$4,588,770.01"
MOUNT SINAI SOUTH NASSAU (FKA SOUTH NASSAU COMMUNITIES HOSPITAL),OCEANSIDE,NY,,"$64,596,069","$6,853,573.22"
MOUNT SINAI WEST (FKA ROOSEVELT HOSPITAL MOUNT SINAI ROOSEVELT),NEW YORK,NY,,"$46,720,663","$5,314,167.39"
MOUNTAINVIEW HOSPITAL,LAS VEGAS,NV,,,"$9,900,000.00"
MT SINAI HOSPITAL MEDICAL CENTER (AKA MOUNT SINAI HOSPITAL),CHICAGO,IL,,"$17,045,371","$4,733,190.80"
MULTICARE AUBURN MEDICAL CENTER,AUBURN,WA,,,"$5,600,000.00"
MUNSON HEALTHCARE GRAYLING HOSPITAL,GRAYLING,MI,,,"$1,800,000.00"
NACOGDOCHES MEDICAL CENTER (AKA NMC HEALTH NETWORK),NACOGDOCHES,TX,,,"$5,100,000.00"
NANTICOKE MEMORIAL HOSPITAL,SEAFORD,DE,,,"$7,700,000.00"
NATHAN LITTAUER HOSPITAL,GLOVERSVILLE,NY,,,"$1,850,000.00"
NAVICENT HEALTH BALDWIN (FKA OCONEE REGIONAL MEDICAL CENTER),MILLEDGEVILLE,GA,,,"$5,450,000.00"
NAZARETH HOSPITAL,PHILADELPHIA,PA,,"$10,133,012","$10,324,761.57"
NCH BAKER HOSPITAL DOWNTOWN (FKA NCH DOWNTOWN NAPLES HOSPITAL CAMPUS),NAPLES,FL,,,"$6,600,000.00"
NCH NORTH NAPLES HOSPITAL,NAPLES,FL,,,"$8,350,000.00"
NEBRASKA MEDICAL CENTER,OMAHA,NE,,,"$13,700,000.00"
NESHOBA COUNTY GENERAL HOSPITAL,PHILADELPHIA,MS,,,"$1,950,000.00"
NEW MILFORD HOSPITAL,NEW MILFORD,CT,,,"$50,000.00"
NEW ORLEANS EAST HOSPITAL,NEW ORLEANS,LA,,"$10,402,390",
NEW YORK COMMUNITY HOSPITAL OF BROOKLYN,BROOKLYN,NY,,"$36,591,244","$6,200,416.44"
NEWARK BETH ISRAEL MEDICAL CENTER,NEWARK,NJ,,"$50,645,428","$6,658,686.72"
NEWMAN REGIONAL HEALTH,EMPORIA,KS,,,"$1,600,000.00"
NEWTON MEDICAL CENTER,NEWTON,NJ,,"$9,121,413","$6,401,737.34"
NEWTON-WELLESLEY HOSPITAL,NEWTON,MA,,"$13,316,809","$14,283,190.80"
NEWYORK-PRESBYTERIAN ALLEN HOSPITAL,NEW YORK,NY,,"$76,926,186","$10,344,935.77"
NEWYORK-PRESBYTERIAN BROOKLYN METHODIST HOSPITAL (FKA NEW YORK METHODIST HOSPITAL),BROOKLYN,NY,,"$86,952,151","$16,695,878.34"
NEWYORK-PRESBYTERIAN HUDSON HOSPITAL (FKA HUDSON VALLEY HOSPITAL CENTER),CORTLANDT MANOR,NY,,"$19,502,808","$5,390,934.95"
NEWYORK-PRESBYTERIAN LAWRENCE HOSPITAL (FKA LAWRENCE HOSPITAL CENTER),BRONXVILLE,NY,,"$33,253,535","$6,396,464.89"
NEWYORK-PRESBYTERIAN LOWER MANHATTAN HOSPITAL (AKA NEW YORK DOWNTOWN HOSPITAL),NEW YORK,NY,,"$21,476,241","$1,423,758.57"
NEWYORK-PRESBYTERIAN MORGAN STANLEY CHILDRENS HOSPITAL,NEW YORK,NY,,"$45,212,167","$10,308,955.36"
NEWYORK-PRESBYTERIAN QUEENS,FLUSHING,NY,,"$143,251,512",
NEWYORK-PRESBYTERIAN WESTCHESTER DIVISION (AKA NEWYORK-PRESBYTERIAN WESTCHESTER BEHAVIORAL HEALTH CENTER),WHITE PLAINS,NY,,,"$5,200,000.00"
NEWYORK-PRESBYTERIAN/COLUMBIA UNIVERSITY IRVING MEDICAL CENTER,NEW YORK,NY,,"$152,747,325","$16,373,796.68"
NEWYORK-PRESBYTERIAN/WEILL CORNELL MEDICAL CENTER,NEW YORK,NY,,"$118,647,057","$10,924,065.33"
NORTH CADDO MEDICAL CENTER,VIVIAN,LA,,,"$1,550,000.00"
NORTH COLORADO MEDICAL CENTER,GREELEY,CO,,"$15,607,540","$3,164,118.13"
NORTH GREENVILLE MEDICAL CAMPUS (AKA NORTH GREENVILLE HOSPITAL),TRAVELERS REST,SC,,,"$8,450,000.00"
NORTH MEMORIAL HEALTH HOSPITAL,ROBBINSDALE,MN,,,"$19,100,000.00"
NORTH MISSISSIPPI MEDICAL CENTER - TUPELO,TUPELO,MS,,,"$9,850,000.00"
NORTH OAKS MEDICAL CENTER,HAMMOND,LA,,"$13,432,422","$1,904,318.73"
NORTH SHORE MEDICAL CENTER - SALEM HOSPITAL,SALEM,MA,,"$19,607,168","$27,281,820.63"
NORTH SHORE UNIVERSITY HOSPITAL,MANHASSET,NY,,,"$5,119,160.05"
NORTH SUBURBAN MEDICAL CENTER,THORNTON,CO,,,"$7,200,000.00"
NORTH VISTA HOSPITAL,NORTH LAS VEGAS,NV,,,"$7,550,000.00"
NORTHEAST GEORGIA MEDICAL CENTER,GAINESVILLE,GA,,,"$16,206,900.11"
NORTHEAST GEORGIA MEDICAL CENTER BARROW,WINDER,GA,,,"$2,850,000.00"
NORTHEAST GEORGIA MEDICAL CENTER BRASELTON,BRASELTON,GA,,"$22,807,992","$7,350,000.00"
NORTHEAST REHABILITATION HOSPITAL - SALEM,SALEM,NH,,,"$5,100,000.00"
NORTHERN COLORADO LONG TERM ACUTE HOSPITAL,JOHNSTOWN,CO,,,"$750,000.00"
NORTHERN LOUISIANA MEDICAL CENTER,RUSTON,LA,,,"$4,050,000.00"
NORTHERN NEVADA MEDICAL CENTER,SPARKS,NV,,,"$2,100,000.00"
NORTHERN WESTCHESTER HOSPITAL,MOUNT KISCO,NY,,"$16,295,632","$3,008,111.32"
NORTHRIDGE HOSPITAL MEDICAL CENTER,NORTHRIDGE,CA,,,"$11,500,000.00"
NORTHSIDE HOSPITAL ATLANTA,ATLANTA,GA,,"$15,465,242","$10,493,834.24"
NORTHSIDE HOSPITAL CHEROKEE,CANTON,GA,,,"$7,050,000.00"
NORTHSIDE HOSPITAL DULUTH (FKA GWINNETT MEDICAL CENTER - DULUTH),DULUTH,GA,,,"$6,350,000.00"
NORTHSIDE HOSPITAL GWINNETT (FKA GWINNETT MEDICAL CENTER - LAWRENCEVILLE),LAWRENCEVILLE,GA,,,"$17,950,000.00"
NORTHWEST COMMUNITY HOSPITAL (AKA NORTHWEST COMMUNITY HEALTHCARE),ARLINGTON HEIGHTS,IL,,,"$29,500,000.00"
NORTHWEST HOSPITAL,RANDALLSTOWN,MD,,,"$16,200,000.00"
NORTHWEST MEDICAL CENTER,MARGATE,FL,,,"$6,750,000.00"
NORTHWEST TEXAS HOSPITAL,AMARILLO,TX,,,"$10,650,000.00"
NORTHWESTERN MEDICINE CENTRAL DUPAGE HOSPITAL,WINFIELD,IL,,"$13,340,515","$23,374,761.57"
NORTHWESTERN MEDICINE DELNOR HOSPITAL (FKA DELNOR COMMUNITY HOSPITAL),GENEVA,IL,,,"$9,850,000.00"
NORTHWESTERN MEDICINE HUNTLEY HOSPITAL (FKA CENTEGRA HOSPITAL - HUNTLEY),HUNTLEY,IL,,,"$10,500,000.00"
NORTHWESTERN MEDICINE KISHWAUKEE HOSPITAL (FKA KISHWAUKEE COMMUNITY HOSPITAL),DEKALB,IL,,,"$3,850,000.00"
NORTHWESTERN MEDICINE LAKE FOREST HOSPITAL,LAKE FOREST,IL,,"$10,363,767","$17,547,100.71"
NORTHWESTERN MEDICINE MCHENRY HOSPITAL (FKA CENTEGRA HOSPITAL - MCHENRY),MCHENRY,IL,,,"$13,600,000.00"
NORTHWESTERN MEDICINE WOODSTOCK HOSPITAL (FKA CENTEGRA HOSPITAL - WOODSTOCK),WOODSTOCK,IL,,,"$150,000.00"
NORTHWESTERN MEMORIAL HOSPITAL,CHICAGO,IL,,"$34,692,433","$31,365,696.52"
NORWALK COMMUNITY HOSPITAL,NORWALK,CA,,,"$4,000,000.00"
NORWALK HOSPITAL,NORWALK,CT,,"$19,116,685","$6,603,474.69"
NORWEGIAN AMERICAN HOSPITAL,CHICAGO,IL,,,"$10,800,000.00"
NORWOOD HOSPITAL,NORWOOD,MA,,,"$14,900,000.00"
NOVANT HEALTH FORSYTH MEDICAL CENTER (FKA FORSYTH MEMORIAL HOSPITAL),WINSTON SALEM,NC,,,"$11,600,000.00"
NOVANT HEALTH PRESBYTERIAN MEDICAL CENTER (FKA PRESBYTERIAN HOSPITAL),CHARLOTTE,NC,,"$15,254,592","$5,970,810.02"
NOVANT HEALTH UVA HEALTH SYSTEM CULPEPER MEDICAL CENTER,CULPEPER,VA,,,"$3,450,000.00"
NOVANT HEALTH UVA HEALTH SYSTEM PRINCE WILLIAM MEDICAL CENTER (FKA PRINCE WILLIAM HOSPITAL),MANASSAS,VA,,,"$16,800,000.00"
NOXUBEE GENERAL HOSPITAL,MACON,MS,,,"$700,000.00"
NUHEALTH - NASSAU UNIVERSITY MEDICAL CENTER,EAST MEADOW,NY,,"$75,340,417",
NYC HEALTH AND HOSPITALS - BELLEVUE (FKA BELLEVUE HOSPITAL CENTER),NEW YORK,NY,,"$86,705,276","$23,995,352.21"
NYC HEALTH AND HOSPITALS - CONEY ISLAND (FKA CONEY ISLAND HOSPITAL),BROOKLYN,NY,,"$66,231,250","$4,727,441.48"
NYC HEALTH AND HOSPITALS - ELMHURST (FKA ELMHURST HOSPITAL CENTER),ELMHURST,NY,,"$111,346,403",
NYC HEALTH AND HOSPITALS - HARLEM (FKA HARLEM HOSPITAL CENTER),NEW YORK,NY,,"$42,296,604","$1,108,845.67"
NYC HEALTH AND HOSPITALS - JACOBI (FKA JACOBI MEDICAL CENTER),BRONX,NY,,"$75,309,433","$7,966,639.09"
NYC HEALTH AND HOSPITALS - KINGS COUNTY (FKA KINGS COUNTY HOSPITAL CENTER),BROOKLYN,NY,,"$78,931,188","$5,069,220.47"
NYC HEALTH AND HOSPITALS - LINCOLN (FKA LINCOLN MEDICAL & MENTAL HEALTH CENTER),BRONX,NY,,"$76,138,988","$4,914,583.83"
NYC HEALTH AND HOSPITALS - METROPOLITAN (FKA METROPOLITAN HOSPITAL CENTER),NEW YORK,NY,,"$28,539,057","$1,136,139.36"
NYC HEALTH AND HOSPITALS - NORTH CENTRAL BRONX (FKA NORTH CENTRAL BRONX HOSPITAL),BRONX,NY,,"$27,517,019","$1,597,994.01"
NYC HEALTH AND HOSPITALS - QUEENS (FKA QUEENS HOSPITAL CENTER),JAMAICA,NY,,"$66,414,764","$760,265.11"
NYC HEALTH AND HOSPITALS - WOODHULL (FKA WOODHULL MEDICAL AND MENTAL HEALTH CENTER),BROOKLYN,NY,,"$39,900,635","$3,542,513.34"
NYU WINTHROP HOSPITAL (FKA WINTHROP UNIVERSITY HOSPITAL),MINEOLA,NY,,"$108,038,388","$9,728,701.96"
OCEAN MEDICAL CENTER,BRICK,NJ,,"$26,881,205","$4,362,430.05"
OCEANS BEHAVIORAL HOSPITAL GREATER NEW ORLEANS - WESTBANK,GRETNA,LA,,,"$1,300,000.00"
OCHSNER LSU HEALTH SHREVEPORT - ACADEMIC MEDICAL CENTER (FKA UNIVERSITY HEALTH SHREVEPORT),SHREVEPORT,LA,,,"$14,250,000.00"
OCHSNER LSU HEALTH SHREVEPORT - MONROE MEDICAL CENTER (FKA UNIVERSITY HEALTH CONWAY),MONROE,LA,,,"$6,950,000.00"
OCHSNER MEDICAL CENTER - BATON ROUGE,BATON ROUGE,LA,,,"$10,800,000.00"
OCHSNER MEDICAL CENTER - KENNER,KENNER,LA,,"$16,231,407","$2,012,747.96"
OCHSNER MEDICAL CENTER - NORTH SHORE,SLIDELL,LA,,,"$8,800,000.00"
OCHSNER MEDICAL CENTER - WEST BANK CAMPUS,GRETNA,LA,,"$91,279,200",
OCHSNER ST ANNE HOSPITAL,RACELAND,LA,,,"$2,500,000.00"
OHIO STATE UNIVERSITY WEXNER MEDICAL CENTER,COLUMBUS,OH,,"$19,813,761","$22,598,470.88"
OHIOHEALTH DOCTORS HOSPITAL,COLUMBUS,OH,,,"$6,350,000.00"
OHIOHEALTH RIVERSIDE METHODIST HOSPITAL,COLUMBUS,OH,,,"$15,550,000.00"
OHSU DOERNBECHER CHILDRENS HOSPITAL,PORTLAND,OR,,,"$18,550,000.00"
OLIVE VIEW - UCLA MEDICAL CENTER,SYLMAR,CA,,,"$13,200,000.00"
OLYMPIA MEDICAL CENTER,LOS ANGELES,CA,,,"$5,950,000.00"
OMEGA HOSPITAL,METAIRIE,LA,,,"$700,000.00"
ORANGE REGIONAL MEDICAL CENTER,MIDDLETOWN,NY,,"$27,638,224","$13,383,557.98"
ORLANDO HEALTH ORLANDO REGIONAL MEDICAL CENTER,ORLANDO,FL,,,"$14,600,000.00"
OSF LITTLE COMPANY OF MARY MEDICAL CENTER (FKA LITTLE COMPANY OF MARY HOSPITAL),EVERGREEN PARK,IL,,"$18,267,106","$11,427,184.00"
OTTUMWA REGIONAL HEALTH CENTER,OTTUMWA,IA,,,"$2,850,000.00"
OU MEDICAL CENTER,OKLAHOMA CITY,OK,2020-08-11T00:00:00.000,"$35,818,349",
OUR LADY OF FATIMA HOSPITAL,NORTH PROVIDENCE,RI,,,"$8,400,000.00"
OUR LADY OF THE ANGELS HOSPITAL (FKA LSU HEALTH BOGALUSA MEDICAL CENTER),BOGALUSA,LA,,,"$2,150,000.00"
OUR LADY OF THE LAKE ASCENSION (FKA ST ELIZABETH HOSPITAL),GONZALES,LA,,,"$13,250,000.00"
OUR LADY OF THE LAKE CHILDRENS HEALTH,BATON ROUGE,LA,,,"$800,000.00"
OUR LADY OF THE LAKE REGIONAL MEDICAL CENTER,BATON ROUGE,LA,,"$35,251,861","$43,843,357.38"
OVERLAKE HOSPITAL MEDICAL CENTER (AKA OVERLAKE MEDICAL CENTER),BELLEVUE,WA,,"$11,644,146",
OVERLOOK MEDICAL CENTER,SUMMIT,NJ,,"$50,659,618","$7,716,430.87"
PAGE HOSPITAL,PAGE,AZ,,,"$1,350,000.00"
PAGE MEMORIAL HOSPITAL,LURAY,VA,,,"$1,500,000.00"
PALISADES MEDICAL CENTER,NORTH BERGEN,NJ,,"$30,279,931","$4,907,793.41"
PALMDALE REGIONAL MEDICAL CENTER,PALMDALE,CA,,,"$5,550,000.00"
PALMETTO GENERAL HOSPITAL,HIALEAH,FL,,,"$12,900,000.00"
PALMS WEST HOSPITAL,LOXAHATCHEE,FL,,,"$8,100,000.00"
PALOS HEALTH (AKA PALOS COMMUNITY HOSPITAL),PALOS HEIGHTS,IL,,"$29,040,652","$857,108.33"
PAM SPECIALTY HOSPITAL OF HAMMOND,HAMMOND,LA,,,"$2,100,000.00"
PAM SPECIALTY HOSPITAL OF LAS VEGAS (FKA COMPLEX CARE HOSPITAL AT TENAYA),LAS VEGAS,NV,,,"$2,900,000.00"
PAM SPECIALTY HOSPITAL OF SAN ANTONIO MEDICAL CENTER (FKA LIFECARE HOSPITALS OF SAN ANTONIO),SAN ANTONIO,TX,,,"$3,250,000.00"
PAM SPECIALTY HOSPITAL OF VICTORIA NORTH,VICTORIA,TX,,,"$1,050,000.00"
PAM SPECIALTY HOSPITAL OF WILKES-BARRE,WILKES BARRE,PA,,,"$1,550,000.00"
PAOLI HOSPITAL,PAOLI,PA,,,"$11,600,000.00"
PARK CITY HOSPITAL (FKA PARK CITY MEDICAL CENTER),PARK CITY,UT,,,"$1,700,000.00"
PARKER ADVENTIST HOSPITAL,PARKER,CO,,,"$6,000,000.00"
PARKLAND HEALTH AND HOSPITAL SYSTEM (AKA PARKLAND MEMORIAL HOSPITAL),DALLAS,TX,,,"$26,750,000.00"
PARKLAND MEDICAL CENTER,DERRY,NH,,,"$4,400,000.00"
PARKVIEW COMMUNITY HOSPITAL MEDICAL CENTER,RIVERSIDE,CA,,,"$7,300,000.00"
PARKVIEW HOSPITAL RANDALLIA,FORT WAYNE,IN,,,"$5,800,000.00"
PARKVIEW LAGRANGE HOSPITAL,LA GRANGE,IN,,,"$1,250,000.00"
PARKVIEW NOBLE HOSPITAL,KENDALLVILLE,IN,,,"$1,050,000.00"
PARKVIEW REGIONAL MEDICAL CENTER,FORT WAYNE,IN,,,"$12,350,000.00"
PEARLAND MEDICAL CENTER (AKA HCA HOUSTON HEALTHCARE PEARLAND),PEARLAND,TX,,,"$1,750,000.00"
PECONIC BAY MEDICAL CENTER,RIVERHEAD,NY,,"$18,302,572","$3,827,184.00"
PENINSULA REGIONAL MEDICAL CENTER,SALISBURY,MD,,,"$15,100,000.00"
PENN PRESBYTERIAN MEDICAL CENTER,PHILADELPHIA,PA,,"$16,809,539","$13,122,706.32"
PENN STATE HEALTH MILTON S HERSHEY MEDICAL CENTER,HERSHEY,PA,,,"$8,500,000.00"
PENN STATE HEALTH ST JOSEPH MEDICAL CENTER - MAIN CAMPUS,READING,PA,,,"$7,200,000.00"
PENNSYLVANIA HOSPITAL,PHILADELPHIA,PA,,,"$13,200,000.00"
PERRY COUNTY MEMORIAL HOSPITAL,PERRYVILLE,MO,,,"$1,650,000.00"
PHELPS HOSPITAL,SLEEPY HOLLOW,NY,,"$20,312,952","$5,810,692.71"
PHOEBE PUTNEY MEMORIAL HOSPITAL,ALBANY,GA,,"$41,606,782","$2,202,312.74"
PHOEBE SUMTER MEDICAL CENTER,AMERICUS,GA,,,"$6,050,000.00"
PHOEBE WORTH MEDICAL CENTER,SYLVESTER,GA,,,"$1,200,000.00"
PHOENIXVILLE HOSPITAL,PHOENIXVILLE,PA,,,"$7,700,000.00"
PIEDMONT ATHENS REGIONAL MEDICAL CENTER (FKA ATHENS REGIONAL MEDICAL CENTER),ATHENS,GA,,,"$8,050,000.00"
PIEDMONT ATLANTA HOSPITAL,ATLANTA,GA,,"$12,139,982","$2,068,754.76"
PIEDMONT FAYETTE HOSPITAL,FAYETTEVILLE,GA,,"$19,115,278","$789,038.65"
PIEDMONT HENRY (FKA HENRY MEDICAL CENTER),STOCKBRIDGE,GA,,"$14,942,764","$1,107,585.19"
PIEDMONT MOUNTAINSIDE HOSPITAL,JASPER,GA,,,"$1,800,000.00"
PIEDMONT NEWNAN HOSPITAL,NEWNAN,GA,,,"$7,600,000.00"
PIEDMONT NEWTON HOSPITAL (FKA NEWTON MEDICAL CENTER),COVINGTON,GA,,,"$2,950,000.00"
PIEDMONT ROCKDALE,CONYERS,GA,,,"$5,350,000.00"
PIEDMONT WALTON (FKA CLEARVIEW REGIONAL MEDICAL CENTER),MONROE,GA,,,"$2,800,000.00"
PIH HEALTH GOOD SAMARITAN HOSPITAL,LOS ANGELES,CA,,,"$21,250,000.00"
PIH HEALTH HOSPITAL - DOWNEY (FKA DOWNEY REGIONAL MEDICAL CENTER AND DOWNEY MEDICAL GROUP),DOWNEY,CA,,,"$10,900,000.00"
PIH HEALTH HOSPITAL - WHITTIER (FKA PRESBYTERIAN INTERCOMMUNITY HOSPITAL),WHITTIER,CA,,,"$10,800,000.00"
PIONEERS MEMORIAL HOSPITAL (AKA PIONEERS MEMORIAL HEALTHCARE DISTRICT),BRAWLEY,CA,,,"$5,500,000.00"
PLAINVIEW HOSPITAL,PLAINVIEW,NY,,"$25,741,448","$2,490,090.91"
PLATTE VALLEY MEDICAL CENTER,BRIGHTON,CO,,,"$3,850,000.00"
PONTIAC GENERAL HOSPITAL (FKA DOCTORS HOSPITAL OF MICHIGAN),PONTIAC,MI,,,"$3,300,000.00"
PORTER ADVENTIST HOSPITAL,DENVER,CO,,,"$5,000,000.00"
PRATTVILLE BAPTIST HOSPITAL,PRATTVILLE,AL,,,"$3,250,000.00"
PRESBYTERIAN HOSPITAL,ALBUQUERQUE,NM,,,"$15,550,000.00"
PREVOST MEMORIAL HOSPITAL,DONALDSONVILLE,LA,,,"$750,000.00"
PRINCETON MEDICAL CENTER (FKA UNIVERSITY MEDICAL CENTER OF PRINCETON AT PLAINSBORO),PLAINSBORO,NJ,,"$16,013,590","$6,966,014.43"
PRISMA HEALTH RICHLAND HOSPITAL (FKA PALMETTO HEALTH RICHLAND),COLUMBIA,SC,,,"$11,000,000.00"
PROMEDICA BAY PARK HOSPITAL,OREGON,OH,,"$10,735,900","$3,585,246.05"
PROSSER MEMORIAL HEALTH,PROSSER,WA,,,"$1,300,000.00"
PROVIDENCE HOLY CROSS MEDICAL CENTER,MISSION HILLS,CA,,"$13,212,292","$12,348,470.88"
PROVIDENCE LITTLE COMPANY OF MARY MEDICAL CENTER TORRANCE,TORRANCE,CA,,"$11,614,624","$6,224,761.57"
PROVIDENCE MEDICAL CENTER,KANSAS CITY,KS,,,"$5,100,000.00"
PROVIDENCE REGIONAL MEDICAL CENTER EVERETT - COLBY CAMPUS,EVERETT,WA,,"$20,098,986","$4,546,941.75"
PROVIDENCE SAINT JOSEPH MEDICAL CENTER,BURBANK,CA,,,"$13,300,000.00"
PROVIDENT HOSPITAL OF COOK COUNTY,CHICAGO,IL,,,"$900,000.00"
PUTNAM HOSPITAL CENTER,CARMEL,NY,,,"$9,200,000.00"
RAMAPO RIDGE PSYCHIATRIC HOSPITAL,WYCKOFF,NJ,,,"$3,450,000.00"
RARITAN BAY MEDICAL CENTER - OLD BRIDGE,OLD BRIDGE,NJ,,"$16,214,029","$2,129,239.25"
RARITAN BAY MEDICAL CENTER - PERTH AMBOY,PERTH AMBOY,NJ,,"$24,758,340","$2,634,928.14"
READING HOSPITAL,WEST READING,PA,,"$15,517,529","$16,108,270.28"
REDLANDS COMMUNITY HOSPITAL,REDLANDS,CA,,,"$5,400,000.00"
REEVES MEMORIAL MEDICAL CENTER,BERNICE,LA,,,"$900,000.00"
REGIONAL HOSPITAL OF SCRANTON,SCRANTON,PA,,,"$6,150,000.00"
REGIONAL MEDICAL CENTER OF CENTRAL ALABAMA (FKA LV STABLER MEMORIAL HOSPITAL),GREENVILLE,AL,,,"$3,650,000.00"
REGIONAL MEDICAL CENTER OF SAN JOSE,SAN JOSE,CA,,"$18,130,222",
REGIONAL WEST MEDICAL CENTER,SCOTTSBLUFF,NE,,,"$6,700,000.00"
REGIONS HOSPITAL,SAINT PAUL,MN,,,"$14,550,000.00"
REID HEALTH (FKA REID HOSPITAL & HEALTH CARE SERVICES),RICHMOND,IN,,"$22,422,233","$7,300,000.00"
RENOWN REGIONAL MEDICAL CENTER,RENO,NV,,,"$9,050,000.00"
RESTON HOSPITAL CENTER,RESTON,VA,,,"$14,250,000.00"
RHODE ISLAND HOSPITAL,PROVIDENCE,RI,,"$19,806,690","$25,430,609.42"
RICHMOND UNIVERSITY MEDICAL CENTER,STATEN ISLAND,NY,,"$51,718,227",
RIDDLE HOSPITAL,MEDIA,PA,,,"$17,650,000.00"
RIVERSIDE COMMUNITY HOSPITAL,RIVERSIDE,CA,,,"$13,500,000.00"
RIVERSIDE MEDICAL CENTER,FRANKLINTON,LA,,,"$1,750,000.00"
RIVERSIDE REGIONAL MEDICAL CENTER,NEWPORT NEWS,VA,,"$20,628,517",
RIVERSIDE SHORE MEMORIAL HOSPITAL,ONANCOCK,VA,,,"$5,600,000.00"
RIVERSIDE TAPPAHANNOCK HOSPITAL,TAPPAHANNOCK,VA,,,"$2,500,000.00"
RIVERSIDE UNIVERSITY HEALTH SYSTEM MEDICAL CENTER (FKA RIVERSIDE COUNTY REGIONAL MEDICAL CENTER),MORENO VALLEY,CA,,"$13,183,659","$3,605,688.90"
RIVERVIEW MEDICAL CENTER,RED BANK,NJ,,"$15,676,285","$2,728,554.16"
RMCHCS HOSPITAL (AKA REHOBOTH MCKINLEY CHRISTIAN HEALTH CARE SERVICES),GALLUP,NM,,,"$5,300,000.00"
ROBERT WOOD JOHNSON UNIVERSITY HOSPITAL NEW BRUNSWICK,NEW BRUNSWICK,NJ,,"$47,962,240","$22,810,741.97"
ROCHESTER GENERAL HOSPITAL,ROCHESTER,NY,,"$18,877,091","$3,247,626.84"
ROGER WILLIAMS MEDICAL CENTER,PROVIDENCE,RI,,,"$7,950,000.00"
ROME MEMORIAL HOSPITAL,ROME,NY,,,"$2,500,000.00"
ROSE MEDICAL CENTER,DENVER,CO,,,"$7,950,000.00"
ROSELAND COMMUNITY HOSPITAL,CHICAGO,IL,,,"$7,000,000.00"
ROXBOROUGH MEMORIAL HOSPITAL,PHILADELPHIA,PA,,,"$6,800,000.00"
RUSH COPLEY MEDICAL CENTER,AURORA,IL,,,"$19,400,000.00"
RUSH OAK PARK HOSPITAL,OAK PARK,IL,,,"$12,400,000.00"
RUSH UNIVERSITY MEDICAL CENTER,CHICAGO,IL,,"$33,721,156","$24,374,969.79"
RUSSELL MEDICAL CENTER,ALEXANDER CITY,AL,,,"$2,250,000.00"
RWJ UNIVERSITY HOSPITAL HAMILTON,HAMILTON,NJ,,"$9,166,557","$7,020,810.02"
RWJ UNIVERSITY HOSPITAL RAHWAY,RAHWAY,NJ,,"$14,330,782","$3,071,336.15"
RWJ UNIVERSITY HOSPITAL SOMERSET (FKA SOMERSET MEDICAL CENTER),SOMERVILLE,NJ,,"$25,018,066","$11,441,461.08"
SAINT AGNES HOSPITAL (AKA SAINT AGNES HEALTHCARE),BALTIMORE,MD,,,"$17,100,000.00"
SAINT ANTHONY HOSPITAL,CHICAGO,IL,,"$21,459,942",
SAINT BARNABAS MEDICAL CENTER,LIVINGSTON,NJ,,"$69,678,117","$12,940,348.40"
SAINT CLARES DENVILLE HOSPITAL,DENVILLE,NJ,,"$10,243,184",
SAINT CLARES DOVER HOSPITAL,DOVER,NJ,,"$11,320,845",
SAINT CLARES HEALTH,DENVILLE,NJ,,"$18,166,283",
SAINT FRANCIS HOSPITAL AND MEDICAL CENTER,HARTFORD,CT,,"$23,203,874","$17,790,249.86"
SAINT JOHN HOSPITAL,LEAVENWORTH,KS,,,"$950,000.00"
SAINT JOSEPH HOSPITAL (FKA EXEMPLA ST JOSEPH HOSPITAL),DENVER,CO,,"$12,936,570","$4,535,246.05"
SAINT JOSEPHS MEDICAL CENTER,YONKERS,NY,,"$21,941,397","$4,821,177.19"
SAINT MARYS HOSPITAL,WATERBURY,CT,,"$13,319,381","$4,799,682.09"
SAINT MICHAELS MEDICAL CENTER,NEWARK,NJ,,"$21,289,695","$6,090,934.95"
SAINT PETERS UNIVERSITY HOSPITAL,NEW BRUNSWICK,NJ,,"$29,574,038","$17,989,405.83"
SALEM MEDICAL CENTER (FKA THE MEMORIAL HOSPITAL OF SALEM COUNTY),SALEM,NJ,,,"$5,200,000.00"
SALEM REGIONAL MEDICAL CENTER (FKA SALEM COMMUNITY HOSPITAL),SALEM,OH,,,"$4,350,000.00"
SAMPSON REGIONAL MEDICAL CENTER,CLINTON,NC,,,"$1,950,000.00"
SAN ANTONIO REGIONAL HOSPITAL (FKA SAN ANTONIO COMMUNITY HOSPITAL),UPLAND,CA,,,"$9,700,000.00"
SAN CARLOS APACHE HEALTHCARE (FKA PHS INDIAN HOSPITAL - SAN CARLOS),PERIDOT,AZ,,,"$750,000.00"
SAN GABRIEL VALLEY MEDICAL CENTER,SAN GABRIEL,CA,,,"$6,200,000.00"
SAN GORGONIO MEMORIAL HOSPITAL,BANNING,CA,,,"$2,800,000.00"
SAN JUAN REGIONAL MEDICAL CENTER,FARMINGTON,NM,,,"$16,100,000.00"
SAN MATEO MEDICAL CENTER (AKA SAN MATEO COUNTY HEALTH SYSTEM),SAN MATEO,CA,,,"$4,950,000.00"
SANDRA ATLAS BASS HEART HOSPITAL AT NORTH SHORE UNIVERSITY HOSPITAL,MANHASSET,NY,,"$137,531,543",
SANFORD BROADWAY MEDICAL CENTER,FARGO,ND,,,"$9,500,000.00"
SANFORD USD MEDICAL CENTER,SIOUX FALLS,SD,,,"$11,000,000.00"
SANFORD WORTHINGTON MEDICAL CENTER (FKA REGIONAL HOSPITAL WORTHINGTON),WORTHINGTON,MN,,,"$3,450,000.00"
SANTA CLARA VALLEY MEDICAL CENTER,SAN JOSE,CA,,"$34,353,323",
SANTA CRUZ VALLEY REGIONAL HOSPITAL (FKA GREEN VALLEY HOSPITAL),GREEN VALLEY,AZ,,,"$1,950,000.00"
SARASOTA MEMORIAL HOSPITAL,SARASOTA,FL,,,"$9,400,000.00"
SCHNEIDER REGIONAL MEDICAL CENTER,ST THOMAS,VI,,,"$4,650,000.00"
SCOTLAND MEMORIAL HOSPITAL,LAURINBURG,NC,,,"$2,900,000.00"
SCRIPPS MERCY HOSPITAL SAN DIEGO,SAN DIEGO,CA,,,"$19,900,000.00"
SELECT SPECIALTY - DOWNRIVER LLC,DETROIT,MI,,,"$1,700,000.00"
SELECT SPECIALTY HOSPITAL - ANN ARBOR,YPSILANTI,MI,,,"$1,400,000.00"
SELECT SPECIALTY HOSPITAL - DOWNRIVER,WYANDOTTE,MI,,,"$1,300,000.00"
SELECT SPECIALTY HOSPITAL - GROSSE POINTE,DETROIT,MI,,,"$1,200,000.00"
SELECT SPECIALTY HOSPITAL - MACOMB,MOUNT CLEMENS,MI,,,"$4,150,000.00"
SELECT SPECIALTY HOSPITAL - MACOMB COUNTY INC,PONTIAC,MI,,,"$650,000.00"
SELECT SPECIALTY HOSPITAL - NORTHEAST NEW JERSEY,ROCHELLE PARK,NJ,,,"$3,050,000.00"
SELECT SPECIALTY HOSPITAL - YOUNGSTOWN,YOUNGSTOWN,OH,,,"$100,000.00"
SELECT SPECIALTY HOSPITAL - YOUNGSTOWN INC,BOARDMAN,OH,,,"$2,650,000.00"
SENTARA ALBEMARLE MEDICAL CENTER,ELIZABETH CITY,NC,,,"$12,050,000.00"
SENTARA CAREPLEX HOSPITAL,HAMPTON,VA,,,"$19,300,000.00"
SENTARA HALIFAX REGIONAL HOSPITAL,SOUTH BOSTON,VA,,,"$4,550,000.00"
SENTARA LEIGH HOSPITAL,NORFOLK,VA,,,"$31,550,000.00"
SENTARA MARTHA JEFFERSON HOSPITAL,CHARLOTTESVILLE,VA,,,"$22,050,000.00"
SENTARA NORFOLK GENERAL HOSPITAL,NORFOLK,VA,,,"$49,300,000.00"
SENTARA NORTHERN VIRGINIA MEDICAL CENTER (FKA POTOMAC HOSPITAL),WOODBRIDGE,VA,,,"$19,450,000.00"
SENTARA OBICI HOSPITAL,SUFFOLK,VA,,,"$42,800,000.00"
SENTARA PRINCESS ANNE HOSPITAL,VIRGINIA BEACH,VA,,,"$34,550,000.00"
SENTARA RMH MEDICAL CENTER (FKA ROCKINGHAM MEMORIAL HOSPITAL),HARRISONBURG,VA,,,"$70,600,000.00"
SENTARA VIRGINIA BEACH GENERAL HOSPITAL,VIRGINIA BEACH,VA,,,"$23,950,000.00"
SENTARA WILLIAMSBURG REGIONAL MEDICAL CENTER,WILLIAMSBURG,VA,,,"$23,900,000.00"
SHARON HOSPITAL,SHARON,CT,,,"$1,950,000.00"
SHARP CHULA VISTA MEDICAL CENTER,CHULA VISTA,CA,,,"$16,350,000.00"
SHARP GROSSMONT HOSPITAL,LA MESA,CA,,,"$13,250,000.00"
SHARP MEMORIAL HOSPITAL,SAN DIEGO,CA,,,"$9,200,000.00"
SHENANDOAH MEMORIAL HOSPITAL,WOODSTOCK,VA,,,"$5,050,000.00"
SHERMAN OAKS HOSPITAL,SHERMAN OAKS,CA,,,"$4,700,000.00"
SHIPROCK - NORTHERN NAVAJO MEDICAL CENTER,SHIPROCK,NM,,,"$11,300,000.00"
SHORE MEDICAL CENTER (FKA SHORE MEMORIAL HOSPITAL),SOMERS POINT,NJ,,,"$9,200,000.00"
SIBLEY MEMORIAL HOSPITAL,WASHINGTON,DC,,,"$9,250,000.00"
SIDNEY HEALTH CENTER,SIDNEY,MT,,,"$1,450,000.00"
SIGNATURE HEALTHCARE BROCKTON HOSPITAL,BROCKTON,MA,,,"$21,650,000.00"
SILVER CROSS HOSPITAL,NEW LENOX,IL,,"$13,647,541","$10,541,778.99"
SINAI HOSPITAL OF BALTIMORE,BALTIMORE,MD,,,"$14,250,000.00"
SISTERS OF CHARITY HOSPITAL,BUFFALO,NY,,"$24,003,213","$6,200,000.00"
SLIDELL MEMORIAL HOSPITAL,SLIDELL,LA,,"$12,800,373","$426,657.87"
SOUTH MIAMI HOSPITAL,MIAMI,FL,,,"$8,050,000.00"
SOUTH SHORE HOSPITAL (IL),CHICAGO,IL,,,"$6,000,000.00"
SOUTH SHORE HOSPITAL (MA),SOUTH WEYMOUTH,MA,,"$16,756,019","$15,840,408.82"
SOUTHEAST HEALTH (FKA SOUTHEAST ALABAMA MEDICAL CENTER),DOTHAN,AL,,,"$8,150,000.00"
SOUTHERN CALIFORNIA HOSPITAL AT CULVER CITY (FKA HOLLYWOOD COMMUNITY HOSPITAL AT BROTMAN MEDICAL CENTER),CULVER CITY,CA,,,"$8,600,000.00"
SOUTHERN KENTUCKY REHABILITATION HOSPITAL,BOWLING GREEN,KY,,,"$2,400,000.00"
SOUTHERN OCEAN MEDICAL CENTER,MANAHAWKIN,NJ,,"$9,598,320","$105,003.81"
SOUTHERN VIRGINIA REGIONAL MEDICAL CENTER,EMPORIA,VA,,,"$1,950,000.00"
SOUTHSIDE HOSPITAL,BAY SHORE,NY,,"$60,843,431","$12,554,417.26"
SOUTHSIDE REGIONAL MEDICAL CENTER,PETERSBURG,VA,,,"$11,600,000.00"
SOUTHWEST MEDICAL CENTER,LIBERAL,KS,,,"$4,750,000.00"
SPARROW HOSPITAL,LANSING,MI,,,"$8,400,000.00"
SPARTANBURG MEDICAL CENTER,SPARTANBURG,SC,,,"$8,100,000.00"
SPAULDING HOSPITAL FOR CONTINUING MEDICAL CARE CAMBRIDGE (FKA YOUVILLE HOSPITAL),CAMBRIDGE,MA,,,"$13,000,000.00"
SPECIALTY HOSPITAL OF CENTRAL JERSEY (FKA SPECIALTY HOSPITAL AT KIMBALL),LAKEWOOD,NJ,,,"$2,600,000.00"
SPECTRUM HEALTH BUTTERWORTH HOSPITAL,GRAND RAPIDS,MI,,,"$12,200,000.00"
SPRINGHILL MEDICAL CENTER,MOBILE,AL,2020-05-13T00:00:00.000,"$10,117,948",
SSM HEALTH DEPAUL HOSPITAL - ST LOUIS,BRIDGETON,MO,,"$12,930,292","$10,843,834.24"
SSM HEALTH ST MARYS HOSPITAL - ST LOUIS,SAINT LOUIS,MO,,"$14,425,889","$6,943,834.24"
ST ANTHONY COMMUNITY HOSPITAL,WARWICK,NY,,,"$5,100,000.00"
ST ANTHONY HOSPITAL,LAKEWOOD,CO,,,"$6,900,000.00"
ST ANTHONY NORTH HEALTH CAMPUS,WESTMINSTER,CO,,,"$5,400,000.00"
ST ANTHONY SUMMIT MEDICAL CENTER,FRISCO,CO,,,"$1,500,000.00"
ST BARNABAS HOSPITAL,BRONX,NY,,"$46,953,443","$1,410,056.89"
ST BERNARD HOSPITAL,CHICAGO,IL,,,"$5,900,000.00"
ST BERNARD PARISH HOSPITAL,CHALMETTE,LA,,,"$5,850,000.00"
ST CATHERINE HOSPITAL (IN),EAST CHICAGO,IN,,,"$6,500,000.00"
ST CATHERINE HOSPITAL (KS),GARDEN CITY,KS,,,"$3,300,000.00"
ST CATHERINE OF SIENA MEDICAL CENTER,SMITHTOWN,NY,,"$26,095,810","$6,782,187.81"
ST CHARLES HOSPITAL,PORT JEFFERSON,NY,,"$11,731,850","$3,408,270.28"
ST CHARLES PARISH HOSPITAL,LULING,LA,,,"$2,800,000.00"
ST CLOUD HOSPITAL,SAINT CLOUD,MN,,,"$9,150,000.00"
ST DOMINIC HOSPITAL (AKA ST DOMINIC JACKSON MEMORIAL HOSPITAL),JACKSON,MS,,,"$11,050,000.00"
ST ELIZABETH FT THOMAS (FKA CARDINAL HILL SPECIALTY HOSPITAL),FORT THOMAS,KY,,,"$15,650,000.00"
ST ELIZABETH HOSPITAL,ENUMCLAW,WA,,,"$1,050,000.00"
ST ELIZABETHS MEDICAL CENTER,BRIGHTON,MA,,,"$13,750,000.00"
ST FRANCIS HOSPITAL,FEDERAL WAY,WA,,,"$5,850,000.00"
ST FRANCIS HOSPITAL - THE HEART CENTER,ROSLYN,NY,,"$41,187,495","$3,821,911.54"
ST FRANCIS MEDICAL CENTER (CA),LYNWOOD,CA,,,"$15,250,000.00"
ST FRANCIS MEDICAL CENTER (LA),MONROE,LA,,,"$9,900,000.00"
ST FRANCIS MEDICAL CENTER (NJ),TRENTON,NJ,,,"$12,350,000.00"
ST FRANCIS MEDICAL CENTER (VA),MIDLOTHIAN,VA,,,"$4,900,000.00"
ST FRANCIS REGIONAL MEDICAL CENTER,SHAKOPEE,MN,,,"$2,850,000.00"
ST JAMES HOSPITAL (FKA ST JAMES MERCY HOSPITAL),HORNELL,NY,,,"$1,250,000.00"
ST JAMES PARISH HOSPITAL,LUTCHER,LA,,,"$2,050,000.00"
ST JOHNS EPISCOPAL HOSPITAL AT SOUTH SHORE,FAR ROCKAWAY,NY,,"$42,083,162","$8,700,257.49"
ST JOHNS RIVERSIDE HOSPITAL - ANDRUS PAVILION,YONKERS,NY,,"$32,850,519","$2,830,817.64"
ST JOSEPH CAMPUS OF SISTERS OF CHARITY HOSPITAL,CHEEKTOWAGA,NY,,,"$7,213,959.17"
ST JOSEPH HOSPITAL (AZ),TUCSON,AZ,,,"$8,150,000.00"
ST JOSEPH HOSPITAL (NY),BETHPAGE,NY,,"$18,287,983","$3,306,741.15"
ST JOSEPH HOSPITAL ORANGE,ORANGE,CA,,,"$13,700,000.00"
ST JOSEPH MERCY ANN ARBOR HOSPITAL,YPSILANTI,MI,,"$22,024,680","$4,802,104.52"
ST JOSEPH MERCY LIVINGSTON HOSPITAL,HOWELL,MI,,,"$1,650,000.00"
ST JOSEPH MERCY OAKLAND HOSPITAL,PONTIAC,MI,,"$16,411,799","$686,457.27"
ST JOSEPHS HEALTH HOSPITAL (FKA ST JOSEPHS HOSPITAL HEALTH CENTER),SYRACUSE,NY,,,"$8,050,000.00"
ST JOSEPHS HOSPITAL,TAMPA,FL,,,"$8,650,000.00"
ST JOSEPHS HOSPITAL AND MEDICAL CENTER,PHOENIX,AZ,,,"$14,350,000.00"
ST JOSEPHS UNIVERSITY MEDICAL CENTER (FKA ST JOSEPHS REGIONAL MEDICAL CENTER),PATERSON,NJ,,"$88,159,157","$98,807,732.99"
ST JOSEPHS UNIVERSITY MEDICAL CENTER (FKA ST JOSEPHS REGIONAL MEDICAL CENTER),PATERSON,NJ,,,"$26,295,511.16"
ST LAWRENCE REHABILITATION CENTER,LAWRENCEVILLE,NJ,,,"$2,300,000.00"
ST LUKES ALLENTOWN CAMPUS,ALLENTOWN,PA,,,"$9,050,000.00"
ST LUKES ANDERSON CAMPUS,EASTON,PA,,"$8,544,311","$4,855,688.90"
ST LUKES CORNWALL HOSPITAL - NEWBURGH CAMPUS,NEWBURGH,NY,,"$23,529,682","$4,900,734.35"
ST LUKES HOSPITAL (MA),NEW BEDFORD,MA,,,"$20,250,000.00"
ST LUKES HOSPITAL (MO),CHESTERFIELD,MO,,,"$20,500,000.00"
ST LUKES HOSPITAL (OH),MAUMEE,OH,,,"$6,550,000.00"
ST LUKES MAGIC VALLEY MEDICAL CENTER,TWIN FALLS,ID,,,"$5,800,000.00"
ST LUKES MONROE CAMPUS,STROUDSBURG,PA,,"$9,867,241","$374,076.48"
ST LUKES QUAKERTOWN CAMPUS,QUAKERTOWN,PA,,,"$3,250,000.00"
ST LUKES REHABILITATION HOSPITAL,CHESTERFIELD,MO,,,"$1,650,000.00"
ST LUKES SACRED HEART CAMPUS (FKA SACRED HEART HOSPITAL),ALLENTOWN,PA,,,"$4,400,000.00"
ST LUKES UNIVERSITY HOSPITAL - BETHLEHEM,BETHLEHEM,PA,,,"$15,100,000.00"
ST LUKES WARREN CAMPUS (FKA WARREN HOSPITAL),PHILLIPSBURG,NJ,,,"$5,850,000.00"
ST LUKES WOOD RIVER MEDICAL CENTER,KETCHUM,ID,,,"$1,150,000.00"
ST MARTIN HOSPITAL,BREAUX BRIDGE,LA,,,"$1,150,000.00"
ST MARY MEDICAL CENTER (IN),HOBART,IN,,,"$5,300,000.00"
ST MARY MEDICAL CENTER (PA),LANGHORNE,PA,,,"$18,900,000.00"
ST MARY MERCY LIVONIA HOSPITAL,LIVONIA,MI,,"$27,260,415","$5,424,284.70"
ST MARYS GENERAL HOSPITAL,PASSAIC,NJ,,"$17,358,109","$6,042,990.20"
ST MARYS GOOD SAMARITAN HOSPITAL,GREENSBORO,GA,,,"$800,000.00"
ST MARYS HOSPITAL,RICHMOND,VA,,,"$9,550,000.00"
ST PETERS HOSPITAL,ALBANY,NY,,"$10,623,282","$2,952,422.43"
ST TAMMANY PARISH HOSPITAL,COVINGTON,LA,,"$19,675,275",
ST VINCENT HOSPITAL,WORCESTER,MA,,"$9,940,427","$6,317,543.55"
ST VINCENTS MEDICAL CENTER,BRIDGEPORT,CT,,"$11,937,190","$17,724,076.48"
STAFFORD HOSPITAL,STAFFORD,VA,,,"$3,650,000.00"
STAMFORD HOSPITAL (AKA STAMFORD HEALTH),STAMFORD,CT,,"$26,015,624","$8,957,267.28"
STATEN ISLAND UNIVERSITY HOSPITAL - NORTH CAMPUS,STATEN ISLAND,NY,,,"$14,162,687.54"
STATEN ISLAND UNIVERSITY HOSPITAL - SOUTH CAMPUS,STATEN ISLAND,NY,,"$91,357,434",
STERLING REGIONAL MEDCENTER,STERLING,CO,,,"$900,000.00"
STONY BROOK UNIVERSITY HOSPITAL,STONY BROOK,NY,,"$83,300,041","$7,809,262.11"
STRAITH HOSPITAL FOR SPECIAL SURGERY,SOUTHFIELD,MI,,,"$950,000.00"
STRONG MEMORIAL HOSPITAL,ROCHESTER,NY,,"$20,639,470","$5,337,827.44"
STURDY MEMORIAL HOSPITAL,ATTLEBORO,MA,,,"$10,100,000.00"
SUBURBAN COMMUNITY HOSPITAL (FKA MERCY SUBURBAN HOSPITAL),EAST NORRITON,PA,,,"$6,850,000.00"
SUBURBAN HOSPITAL,BETHESDA,MD,,"$9,314,069","$15,535,931.14"
SUMMA HEALTH SYSTEM - AKRON CAMPUS,AKRON,OH,,,"$10,800,000.00"
SUMMIT HEALTHCARE REGIONAL MEDICAL CENTER,SHOW LOW,AZ,,,"$2,950,000.00"
SUMNER REGIONAL MEDICAL CENTER,GALLATIN,TN,,"$10,625,768",
SUNNYVIEW REHABILITATION HOSPITAL (FKA SUNNYVIEW HOSPITAL AND REHABILITATION CENTER),SCHENECTADY,NY,,,"$2,550,000.00"
SUNRISE HOSPITAL & MEDICAL CENTER,LAS VEGAS,NV,,,"$11,250,000.00"
SWEDISH HOSPITAL (FKA SWEDISH COVENANT HOSPITAL),CHICAGO,IL,,"$13,373,418","$21,931,294.50"
SWEDISH MEDICAL CENTER,ENGLEWOOD,CO,,,"$9,900,000.00"
SWEDISH MEDICAL CENTER - BALLARD CAMPUS,SEATTLE,WA,,"$15,732,890",
SWEDISH MEDICAL CENTER - EDMONDS CAMPUS (FKA STEVENS HOSPITAL),EDMONDS,WA,,,"$9,350,000.00"
SWEDISH MEDICAL CENTER - FIRST HILL CAMPUS,SEATTLE,WA,,,"$4,025,446.65"
SWEDISH MEDICAL CENTER - ISSAQUAH CAMPUS,ISSAQUAH,WA,,"$8,654,525","$4,350,000.00"
SWEDISHAMERICAN HOSPITAL,ROCKFORD,IL,,,"$10,400,000.00"
SYRACUSE AREA HEALTH (FKA COMMUNITY MEMORIAL HOSPITAL),SYRACUSE,NE,,,"$850,000.00"
TAMPA GENERAL HOSPITAL,TAMPA,FL,,,"$8,800,000.00"
TANNER MEDICAL CENTER - CARROLLTON,CARROLLTON,GA,2020-06-03T00:00:00.000,"$35,224,580","$16,000,000.00"
TANNER MEDICAL CENTER - CARROLLTON,CARROLLTON,GA,,,"$8,500,000.00"
TANNER MEDICAL CENTER - VILLA RICA,VILLA RICA,GA,2020-06-03T00:00:00.000,"$27,405,671","$6,300,000.00"
TANNER MEDICAL CENTER - VILLA RICA,VILLA RICA,GA,,,"$2,450,000.00"
TEMPLE UNIVERSITY HOSPITAL,PHILADELPHIA,PA,,"$50,086,753","$41,540,984.21"
TERREBONNE GENERAL MEDICAL CENTER,HOUMA,LA,,,"$6,800,000.00"
TEXAS HEALTH ARLINGTON MEMORIAL,ARLINGTON,TX,,,"$6,650,000.00"
TEXAS HEALTH HARRIS METHODIST HOSPITAL FORT WORTH,FORT WORTH,TX,,,"$14,900,000.00"
TEXAS HEALTH HARRIS METHODIST HOSPITAL SOUTHWEST FORT WORTH,FORT WORTH,TX,,,"$8,000,000.00"
TEXAS HEALTH PRESBYTERIAN HOSPITAL ALLEN,ALLEN,TX,,,"$1,450,000.00"
TEXAS HEALTH PRESBYTERIAN HOSPITAL DALLAS,DALLAS,TX,,,"$10,100,000.00"
TEXAS HEALTH PRESBYTERIAN HOSPITAL ROCKWALL,ROCKWALL,TX,,,"$2,850,000.00"
THE CHILDRENS HOSPITAL AT SAINT PETERS UNIVERSITY HOSPITAL,NEW BRUNSWICK,NJ,,,"$1,750,000.00"
THE HOSPITAL OF CENTRAL CONNECTICUT - NEW BRITAIN GENERAL CAMPUS,NEW BRITAIN,CT,,,"$20,100,000.00"
THE JOHNS HOPKINS HOSPITAL,BALTIMORE,MD,,"$16,318,864","$17,581,135.55"
THE MEDICAL CENTER AT BOWLING GREEN,BOWLING GREEN,KY,,,"$9,700,000.00"
THE MEDICAL CENTER NAVICENT HEALTH (FKA MEDICAL CENTER OF CENTRAL GEORGIA),MACON,GA,,"$21,403,754",
THE MEDICAL CENTER OF AURORA - MAIN CAMPUS,AURORA,CO,,"$17,849,051","$6,270,651.06"
THE UNIVERSITY HOSPITAL (FKA UMDNJ UNIVERSITY HOSPITAL),NEWARK,NJ,,"$42,010,051","$9,241,143.17"
THE UNIVERSITY OF KANSAS HOSPITAL,KANSAS CITY,KS,,"$18,306,018","$5,555,688.90"
THE UNIVERSITY OF MISSISSIPPI MEDICAL CENTER,JACKSON,MS,,,"$19,600,000.00"
THE VALLEY HOSPITAL (AKA VALLEY HEALTH SYSTEM),RIDGEWOOD,NJ,,"$49,899,060","$9,946,673.11"
THIBODAUX REGIONAL MEDICAL CENTER,THIBODAUX,LA,,"$10,227,350",
THOMAS JEFFERSON UNIVERSITY HOSPITAL,PHILADELPHIA,PA,,"$29,937,796","$16,831,661.68"
THOP EAST CAMPUS (FKA SIERRA PROVIDENCE EAST MEDICAL CENTER),EL PASO,TX,,,"$7,200,000.00"
THOP HORIZON CITY CAMPUS,HORIZON CITY,TX,,,"$2,450,000.00"
THOP TRANSMOUNTAIN CAMPUS,EL PASO,TX,,,"$3,400,000.00"
THOREK MEMORIAL HOSPITAL,CHICAGO,IL,,,"$6,600,000.00"
TIFT REGIONAL MEDICAL CENTER,TIFTON,GA,,,"$9,000,000.00"
TISCH HOSPITAL,NEW YORK,NY,,"$203,180,447","$14,086,643.17"
TITUS REGIONAL MEDICAL CENTER,MOUNT PLEASANT,TX,,,"$1,800,000.00"
TOBEY HOSPITAL,WAREHAM,MA,,,"$4,050,000.00"
TOMBALL REGIONAL MEDICAL CENTER (AKA HCA HOUSTON HEALTHCARE TOMBALL),TOMBALL,TX,,,"$12,400,000.00"
TORRANCE MEMORIAL MEDICAL CENTER,TORRANCE,CA,,"$10,194,983","$2,524,761.57"
TOURO INFIRMARY,NEW ORLEANS,LA,,"$20,342,407",
TRINITAS REGIONAL MEDICAL CENTER,ELIZABETH,NJ,,"$27,620,561","$4,625,654.87"
TRIOS SOUTHRIDGE HOSPITAL,KENNEWICK,WA,,,"$4,300,000.00"
TRIOS WOMENS & CHILDRENS HOSPITAL,KENNEWICK,WA,,,"$100,000.00"
TRISTAR SOUTHERN HILLS MEDICAL CENTER,NASHVILLE,TN,,,"$5,800,000.00"
TRI-STATE MEMORIAL HOSPITAL,CLARKSTON,WA,,,"$2,600,000.00"
TUBA CITY REGIONAL HEALTH CARE,TUBA CITY,AZ,,"$8,703,109","$3,721,495.10"
TUCSON MEDICAL CENTER (AKA TMC HEALTHCARE),TUCSON,AZ,,,"$8,550,000.00"
TULANE LAKESIDE HOSPITAL (FKA TULANE LAKESIDE HOSPITAL FOR WOMEN AND CHILDREN),METAIRIE,LA,,,"$700,000.00"
TULANE MEDICAL CENTER,NEW ORLEANS,LA,,"$26,431,711",
UAB HOSPITAL,BIRMINGHAM,AL,,"$27,062,561","$9,238,512.52"
UC IRVINE MEDICAL CENTER (AKA UCI HEALTH),ORANGE,CA,,,"$9,700,000.00"
UCHEALTH LONGS PEAK HOSPITAL,LONGMONT,CO,,,"$3,000,000.00"
UCHEALTH MEDICAL CENTER OF THE ROCKIES,LOVELAND,CO,,,"$6,000,000.00"
UCHEALTH UNIVERSITY OF COLORADO HOSPITAL,AURORA,CO,,"$36,588,558","$17,516,381.60"
UCHICAGO MEDICINE CENTER FOR CARE AND DISCOVERY (AKA CCD),CHICAGO,IL,,"$36,065,915",
UCHICAGO MEDICINE INGALLS MEMORIAL HOSPITAL,HARVEY,IL,,"$16,367,056","$8,741,093.90"
UCHICAGO MEDICINE MITCHELL HOSPITAL,CHICAGO,IL,,"$36,065,915",
UCONN JOHN DEMPSEY HOSPITAL (AKA UCONN HEALTH CENTER),FARMINGTON,CT,,,"$12,450,000.00"
UHS CHENANGO MEMORIAL HOSPITAL,NORWICH,NY,,,"$2,400,000.00"
UM BALTIMORE WASHINGTON MEDICAL CENTER,GLEN BURNIE,MD,,"$9,006,166","$11,293,834.24"
UM PRINCE GEORGES HOSPITAL CENTER (FKA PRINCE GEORGES HOSPITAL CENTER),CHEVERLY,MD,,"$8,313,384","$28,286,616.22"
UM SHORE MEDICAL CENTER AT CHESTERTOWN (FKA CHESTER RIVER HOSPITAL CENTER),CHESTERTOWN,MD,,,"$1,100,000.00"
UM ST JOSEPH MEDICAL CENTER (FKA ST JOSEPH MEDICAL CENTER),TOWSON,MD,,,"$8,800,000.00"
UM UPPER CHESAPEAKE MEDICAL CENTER,BEL AIR,MD,,,"$7,900,000.00"
UMASS MEMORIAL HEALTHALLIANCE - BURBANK CAMPUS,FITCHBURG,MA,,,"$9,950,000.00"
UMASS MEMORIAL MARLBOROUGH HOSPITAL,MARLBOROUGH,MA,,,"$7,550,000.00"
UMASS MEMORIAL MEDICAL CENTER - UNIVERSITY CAMPUS,WORCESTER,MA,,"$23,557,713","$39,802,263.47"
UMMC GRENADA (FKA GRENADA LAKE MEDICAL CENTER),GRENADA,MS,,,"$1,750,000.00"
UNC MEDICAL CENTER (FKA UNIVERSITY OF NORTH CAROLINA HOSPITALS - MEMORIAL HOSPITAL),CHAPEL HILL,NC,,,"$11,650,000.00"
UNION GENERAL HOSPITAL,FARMERVILLE,LA,,,"$1,050,000.00"
UNITED HOSPITAL,SAINT PAUL,MN,,,"$9,250,000.00"
UNITED MEDICAL CENTER,WASHINGTON,DC,,,"$8,350,000.00"
UNITED MEMORIAL MEDICAL CENTER (FKA DOCTORS HOSPITAL),HOUSTON,TX,,,"$4,350,000.00"
UNITY HOSPITAL,ROCHESTER,NY,,,"$10,550,000.00"
UNITYPOINT HEALTH - MARSHALLTOWN,MARSHALLTOWN,IA,,,"$3,750,000.00"
UNITYPOINT HEALTH GRINNELL - GRINNELL REGIONAL MEDICAL CENTER,GRINNELL,IA,,,"$1,550,000.00"
UNITYPOINT HEALTH SIOUX CITY - ST LUKES REGIONAL MEDICAL CENTER,SIOUX CITY,IA,,,"$9,600,000.00"
UNIVERSITY HOSPITAL,AUGUSTA,GA,,,"$8,950,000.00"
UNIVERSITY HOSPITAL OF BROOKLYN AT SUNY DOWNSTATE MEDICAL CENTER,BROOKLYN,NY,,"$47,024,442",
UNIVERSITY HOSPITALS AHUJA MEDICAL CENTER,BEACHWOOD,OH,,,"$5,350,000.00"
UNIVERSITY HOSPITALS CLEVELAND MEDICAL CENTER (FKA UNIVERSITY HOSPITALS CASE MEDICAL CENTER),CLEVELAND,OH,,,"$9,900,000.00"
UNIVERSITY HOSPITALS CONNEAUT MEDICAL CENTER,CONNEAUT,OH,,,"$1,150,000.00"
UNIVERSITY HOSPITALS GEAUGA MEDICAL CENTER,CHARDON,OH,,,"$4,200,000.00"
UNIVERSITY HOSPITALS GENEVA MEDICAL CENTER (FKA MEMORIAL HOSPITAL OF GENEVA),GENEVA,OH,,,"$750,000.00"
UNIVERSITY MEDICAL CENTER (UMC) OF SOUTHERN NEVADA,LAS VEGAS,NV,,"$18,760,725","$3,920,810.02"
UNIVERSITY MEDICAL CENTER NEW ORLEANS (FKA MEDICAL CENTER OF LOUISIANA AT NEW ORLEANS AND INTERIM LSU PUBLIC HOSPITAL),NEW ORLEANS,LA,,"$50,768,425",
UNIVERSITY MEDICAL CENTER OF EL PASO,EL PASO,TX,,,"$10,850,000.00"
UNIVERSITY OF ILLINOIS HOSPITAL,CHICAGO,IL,,"$17,781,781","$17,818,754.76"
UNIVERSITY OF IOWA HOSPITALS & CLINICS,IOWA CITY,IA,,,"$11,750,000.00"
UNIVERSITY OF MARYLAND CHARLES REGIONAL MEDICAL CENTER (FKA CIVISTA MEDICAL CENTER),LA PLATA,MD,,,"$9,050,000.00"
UNIVERSITY OF MARYLAND MEDICAL CENTER,BALTIMORE,MD,,,"$20,400,000.00"
UNIVERSITY OF MIAMI HEALTH SYSTEM (AKA UHEALTH),MIAMI,FL,,"$7,774,553","$1,975,446.65"
UNIVERSITY OF NEW MEXICO HOSPITAL (AKA UNM HOSPITAL),ALBUQUERQUE,NM,,,"$12,650,000.00"
UNIVERSITY OF TOLEDO MEDICAL CENTER,TOLEDO,OH,,,"$7,550,000.00"
UNM SANDOVAL REGIONAL MEDICAL CENTER,RIO RANCHO,NM,,,"$3,400,000.00"
UPMC PINNACLE HARRISBURG (FKA HARRISBURG HOSPITAL),HARRISBURG,PA,,,"$13,800,000.00"
UPSON REGIONAL MEDICAL CENTER,THOMASTON,GA,,,"$5,350,000.00"
UPSTATE UNIVERSITY HOSPITAL - DOWNTOWN CAMPUS,SYRACUSE,NY,,,"$13,700,000.00"
USC VERDUGO HILLS HOSPITAL,GLENDALE,CA,,,"$6,400,000.00"
UT HEALTH CARTHAGE (FKA EAST TEXAS MEDICAL CENTER - CARTHAGE),CARTHAGE,TX,,,"$1,350,000.00"
UTMB HEALTH LEAGUE CITY CAMPUS HOSPITAL,LEAGUE CITY,TX,,,"$23,650,000.00"
UW MEDICAL CENTER - MONTLAKE,SEATTLE,WA,,"$16,832,243","$1,153,633.64"
VAIL HEALTH (FKA VAIL VALLEY MEDICAL CENTER),VAIL,CO,,,"$1,750,000.00"
VALLEY MEDICAL CENTER,RENTON,WA,,"$13,032,444","$1,966,858.47"
VALLEY PRESBYTERIAN HOSPITAL,VAN NUYS,CA,,,"$9,850,000.00"
VALLEYWISE HEALTH MEDICAL CENTER (FKA MARICOPA MEDICAL CENTER),PHOENIX,AZ,,,"$12,100,000.00"
VANDERBILT UNIVERSITY MEDICAL CENTER,NASHVILLE,TN,,"$24,752,284","$4,070,810.02"
VANDERBILT WILSON COUNTY HOSPITAL (FKA TENNOVA HEALTHCARE - LEBANON UNIVERSITY MEDICAL CENTER),LEBANON,TN,,,"$4,750,000.00"
VASSAR BROTHERS MEDICAL CENTER,POUGHKEEPSIE,NY,,"$21,125,982","$5,695,571.58"
VAUGHAN REGIONAL MEDICAL CENTER,SELMA,AL,,,"$4,400,000.00"
VCU HEALTH COMMUNITY MEMORIAL HOSPITAL (FKA COMMUNITY MEMORIAL HEALTHCENTER),SOUTH HILL,VA,,,"$2,200,000.00"
VCU MEDICAL CENTER MAIN HOSPITAL,RICHMOND,VA,,,"$16,100,000.00"
VIDANT BERTIE HOSPITAL (FKA BERTIE MEMORIAL HOSPITAL),WINDSOR,NC,,,"$200,000.00"
VIDANT CHOWAN HOSPITAL (FKA CHOWAN HOSPITAL),EDENTON,NC,,,"$700,000.00"
VIDANT DUPLIN HOSPITAL (FKA DUPLIN GENERAL HOSPITAL),KENANSVILLE,NC,,,"$4,450,000.00"
VIDANT MEDICAL CENTER (FKA PITT COUNTY MEMORIAL HOSPITAL),GREENVILLE,NC,,,"$11,350,000.00"
VIDANT ROANOKE-CHOWAN HOSPITAL,AHOSKIE,NC,,,"$3,350,000.00"
VIRGINIA HOSPITAL CENTER - ARLINGTON,ARLINGTON,VA,,"$13,651,529","$26,737,827.44"
VIRGINIA MASON MEMORIAL (FKA YAKIMA VALLEY MEMORIAL HOSPITAL),YAKIMA,WA,,,"$14,750,000.00"
VIRTUA MARLTON HOSPITAL (FKA VIRTUA MARLTON REGIONAL MEDICAL CENTER),MARLTON,NJ,,,"$8,800,000.00"
VIRTUA MEMORIAL HOSPITAL (FKA VIRTUA MEMORIAL HOSPITAL OF BURLINGTON COUNTY),MOUNT HOLLY,NJ,,"$9,316,631","$9,271,495.10"
VIRTUA OUR LADY OF LOURDES HOSPITAL,CAMDEN,NJ,,,"$14,400,000.00"
VIRTUA VOORHEES HOSPITAL,VOORHEES,NJ,,"$10,166,312","$9,790,567.77"
VIRTUA WILLINGBORO HOSPITAL (FKA LOURDES MEDICAL CENTER OF BURLINGTON COUNTY),WILLINGBORO,NJ,,,"$7,350,000.00"
VISTA MEDICAL CENTER - EAST (AKA VISTA HEALTH SYSTEM),WAUKEGAN,IL,,,"$18,450,000.00"
VON VOIGTLANDER WOMENS HOSPITAL,ANN ARBOR,MI,,"$45,512,679","$2,364,852.48"
WAKEMED RALEIGH CAMPUS,RALEIGH,NC,,,"$10,900,000.00"
WASHINGTON COUNTY HOSPITAL,CHATOM,AL,,,"$500,000.00"
WASHINGTON REGIONAL MEDICAL CENTER (FKA WASHINGTON COUNTY HOSPITAL),PLYMOUTH,NC,,,"$950,000.00"
WATERBURY HOSPITAL,WATERBURY,CT,,"$10,109,405","$5,686,616.22"
WAYNE GENERAL HOSPITAL,WAYNESBORO,MS,,,"$1,850,000.00"
WAYNE UNC HEALTH CARE (FKA WAYNE MEMORIAL HOSPITAL),GOLDSBORO,NC,,,"$7,300,000.00"
WEISS MEMORIAL HOSPITAL,CHICAGO,IL,,,"$16,100,000.00"
WELLINGTON REGIONAL MEDICAL CENTER,WELLINGTON,FL,,,"$7,500,000.00"
WELLSPAN EPHRATA COMMUNITY HOSPITAL,EPHRATA,PA,,,"$3,400,000.00"
WELLSPAN GOOD SAMARITAN HOSPITAL,LEBANON,PA,,,"$4,800,000.00"
WELLSTAR ATLANTA MEDICAL CENTER (FKA ATLANTA MEDICAL CENTER),ATLANTA,GA,,"$12,759,475",
WELLSTAR COBB HOSPITAL,AUSTELL,GA,,"$15,918,050","$4,904,318.73"
WELLSTAR DOUGLAS HOSPITAL,DOUGLASVILLE,GA,,,"$6,400,000.00"
WELLSTAR KENNESTONE HOSPITAL,MARIETTA,GA,,"$27,407,566","$12,494,886.50"
WELLSTAR NORTH FULTON HOSPITAL (FKA NORTH FULTON HOSPITAL),ROSWELL,GA,,,"$6,350,000.00"
WELLSTAR PAULDING HOSPITAL,HIRAM,GA,,,"$5,550,000.00"
WELLSTAR SPALDING REGIONAL HOSPITAL,GRIFFIN,GA,,,"$6,100,000.00"
WELLSTAR WEST GEORGIA MEDICAL CENTER,LA GRANGE,GA,,,"$8,750,000.00"
WEST ANAHEIM MEDICAL CENTER,ANAHEIM,CA,,,"$5,350,000.00"
WEST HILLS HOSPITAL & MEDICAL CENTER,WEST HILLS,CA,,,"$11,700,000.00"
WEST HOUSTON MEDICAL CENTER (AKA HCA HOUSTON HEALTHCARE WEST),HOUSTON,TX,,,"$14,800,000.00"
WEST JEFFERSON MEDICAL CENTER,MARRERO,LA,,"$28,367,163",
WEST KENDALL BAPTIST HOSPITAL,MIAMI,FL,,,"$6,550,000.00"
WEST SUBURBAN MEDICAL CENTER,OAK PARK,IL,,,"$15,000,000.00"
WESTCHESTER GENERAL HOSPITAL,MIAMI,FL,,,"$4,750,000.00"
WESTCHESTER MEDICAL CENTER,VALHALLA,NY,,"$49,115,384","$46,765,378.61"
WESTERN PLAINS MEDICAL COMPLEX,DODGE CITY,KS,,,"$2,400,000.00"
WHITE PLAINS HOSPITAL,WHITE PLAINS,NY,,"$65,283,067","$8,741,033.48"
WHITERIVER INDIAN HOSPITAL,WHITERIVER,AZ,,,"$7,000,000.00"
WHITTIER HOSPITAL MEDICAL CENTER,WHITTIER,CA,,"$12,308,767","$4,800,000.00"
WILLIS-KNIGHTON MEDICAL CENTER,SHREVEPORT,LA,,,"$16,500,000.00"
WILLIS-KNIGHTON SOUTH & THE CENTER FOR WOMENS HEALTH,SHREVEPORT,LA,,,"$3,250,000.00"
WINCHESTER HOSPITAL,WINCHESTER,MA,,,"$15,950,000.00"
WINCHESTER MEDICAL CENTER,WINCHESTER,VA,,,"$11,900,000.00"
WINDHAM HOSPITAL (FKA WINDHAM COMMUNITY MEMORIAL HOSPITAL),WILLIMANTIC,CT,,,"$2,050,000.00"
WINN PARISH MEDICAL CENTER,WINNFIELD,LA,,,"$1,900,000.00"
WINSTON MEDICAL CENTER,LOUISVILLE,MS,,,"$950,000.00"
WITHAM HEALTH SERVICES,LEBANON,IN,,,"$2,300,000.00"
WK PIERREMONT HEALTH CENTER,SHREVEPORT,LA,,,"$5,650,000.00"
WYCKOFF HEIGHTS MEDICAL CENTER,BROOKLYN,NY,,"$59,878,471",
YALE NEW HAVEN HOSPITAL,NEW HAVEN,CT,,"$59,728,989","$52,182,237.07"
YUMA REGIONAL MEDICAL CENTER,YUMA,AZ,,,"$18,250,000.00"
ZUCKERBERG SAN FRANCISCO GENERAL HOSPITAL (FKA SAN FRANCISCO GENERAL HOSPITAL),SAN FRANCISCO,CA,,,"$13,250,000.00"
ZUNI COMPREHENSIVE HEALTH CENTER,ZUNI,NM,,,"$2,000,000.00"
